EventID,PhotoPath
5,
6,
45,HANAN0013/Phb0130B.jpg
46,HANAN001/Pph0700.jpg
47,LIPMAN09/PPW0298B.jpg
48,hanan2/Rep0658.jpg
49,udi/gen7881.jpg
50,lipman6/PPW2847.jpg
51,HANAN03/Pph3096.jpg
52,jan2010/kum1939.jpg
53,VERTHEIM01111/PVE1112A.jpg
54,HANAN005/Pph4947.jpg
55,VERTHEIM01111/PVE1121A.jpg
56,PASSPORT10/HBH0943.jpg
57,HANAN014/PHB1794.jpg
58,HANAN014/PHB1794.jpg
59,HANAN003/Pph3144.jpg
60,hash12/land001.jpg
61,VERTHEIM01/PVE0710.jpg
62,HANAN06/Pph5310.jpg
63,HASHLAMOT3/VIT0020.jpg
64,HANAN004/Pph5737.jpg
65,may15/gen4309.jpg
66,HANAN004/Pph5787.jpg
67,HANAN004/Pph5787.jpg
68,HANAN07/Pph8030.jpg
69,LIPMAN14/PPW0091C.jpg
70,HANAN004/Pph5808.jpg
71,LIPMAN03/PPW0081.jpg
72,HANAN07/Pph8615.jpg
73,LIPMAN013/PPW0717B.jpg
74,HANAN018/Pph8087.jpg
75,HANAN018/Pph8094.jpg
76,HANAN005/Pph4431.jpg
77,HANAN005/Pph4606.jpg
78,HANAN00015/PHB2174.jpg
79,yok5/yok046.jpg
80,micha3/PPM0325.jpg
81,HANAN005/PPH4824.jpg
82,HANAN005/Pph4981.jpg
83,HANAN01/PPH0504.jpg
84,LIPMAN06/PPW2688.jpg
85,HANAN007/Pph9413.jpg
86,HANAN008/Pph8589.jpg
87,HANAN00015/PHB2172.jpg
88,lipman12/PWL1384.jpg
89,HANAN08/Pph7942.jpg
91,HANAN01/Pph0008.jpg
92,dece09/pal123.jpg
93,
94,HANAN0010/Phb1239.jpg
95,HANANAD3/HBH0300.jpg
96,PASSPORT5/HBH0601.jpg
97,VERTHEIM0222/VER4504.jpg
98,
99,
100,HANANAD4/HBH0451.jpg
101,lipman7/PPW3379.jpg
102,HANANAD3/HBH0359.jpg
103,
104,HANAN06/Pph5283.jpg
105,PASSPORT13/HBH1156.jpg
106,HANAN008/Pph8976.jpg
108,Passport8/HBH0877C.jpg
109,HANAN022/PHB0131E.jpg
111,
112,PASSPORT5/HBH0563.jpg
113,hash114/natan0002.jpg
114,
115,LIPMAN0011/PPW0402.jpg
116,hanan3/Pph3210.jpg
118,HANAN04/Pph5614.jpg
119,HANAN01/Pph0002.jpg
120,micha2/Ppm0134.jpg
121,lipman0001/PPW0774.jpg
122,hash200/SHA7507.jpg
123,april13/zax403.jpg
124,LIPMAN008/PPW3609.jpg
125,HANAN018/Pph8094.jpg
126,HANAN03/Pph3097.jpg
127,GBBIRTHDAYS/Shh6516.jpg
128,aug07/bar943.jpg
129,VERTHEIM01111/PVE1174.jpg
130,yok5/yok047.jpg
131,HANAN0013/Phb0102.jpg
132,
133,HANAN014/Phb1777.jpg
134,HANAN00015/PHB2242.jpg
136,PASSPORT6/HBH0776.jpg
137,HANAN15/Phb0112.jpg
138,PASSPORT6/HBH0776.jpg
139,PASSPORT6/HBH0776.jpg
140,HANAN15/Phb0112.jpg
141,
142,hanan12/Phb1722.jpg
143,VERTHEIM001/PVE0459.jpg
144,hanan9/Pph9987.jpg
145,HANANAD3/HBH0273.jpg
146,HANANAD3/HBH0273.jpg
147,HANANAD3/HBH0273.jpg
148,HANANAD3/HBH0273.jpg
149,lipman8/PPW3876.jpg
150,PASSPORT10/HBH0921B.jpg
151,PASSPORT10/HBH0921B.jpg
152,HANAN0013/PHB0102B.jpg
153,HANAN0013/PHB0102B.jpg
154,HANAN0013/PHB0102B.jpg
155,HANAN0013/PHB0102B.jpg
156,HANAN0013/PHB0102B.jpg
157,HANAN0013/PHB0102B.jpg
158,HANAN0013/PHB0102B.jpg
159,
160,
161,hanan16/Pph5603.jpg
162,HANAN0013/PHB0102B.jpg
163,HANAN015/PHB2605.jpg
164,HANAN0013/PHB0102B.jpg
165,HANAN015/PHB2605.jpg
166,HANAN00010/Phb1322.jpg
167,HANAN00010/Phb1322.jpg
168,
169,mai09/gen0914.jpg
170,
171,HASH10/HASH0124.jpg
172,NANAN00013/Phb0003.jpg
173,HANAN0013/Phb0102.jpg
174,HANAN01/Pph0009.jpg
175,PASSPORT9/HBH0879A.jpg
176,VERTHEIM0111/PVE1069.jpg
177,HANAN02/Pph0025.jpg
178,
179,
180,
181,
182,
183,
184,PASSPORT6/HBH0627.jpg
185,master/hbm00002.jpg
186,75birthday/yar001.jpg
187,HANAN00015/PHB2242.jpg
188,NANAN00013/Phb0003.jpg
189,HANAN002/Pph0027.jpg
190,HANAN01/Pph0009.jpg
191,may08/gal401.jpg
192,
193,
194,
195,HANAN005/Pph4948.jpg
196,
197,PASSPORT9/HBH0906B.jpg
198,hanan16/Pph5530.jpg
199,PASSPORT13/HBH1135.jpg
200,
201,
202,HANANAD3/HBH0331.jpg
203,VERTHEIM0002/VER2812.jpg
204,HANAN000013/Phb0273.jpg
205,apr07/yizod1239.jpg
206,
207,hanan11/Phb0385.jpg
208,HANAN014/PHB1794.jpg
209,PASSPORT10/HBH0943.jpg
210,PASSPORT10/HBH0943.jpg
211,HANAN014/PHB1794.jpg
212,
213,VERTHEIM02222/VER5318.jpg
214,VERTHEIM002/VER2921.jpg
215,HANAN09/Phb0704.jpg
216,
217,
218,HANAN015/PHB2605.jpg
219,
220,
221,
222,NANAN00013/Phb0033.jpg
223,HANAN015/PHB2730.jpg
224,HANAN15/PHB2161.jpg
225,margotsade/Pms0005.jpg
226,VERTHEIM0111/PVE1058.jpg
227,
228,
229,
230,HANANAD3/HBH0272.jpg
231,HANANAD4/HBH0408.jpg
232,HANAN07/Pph8809.jpg
233,may2011/gol3462.jpg
234,
235,
236,hanan7/Pph9890.jpg
237,
238,PASSPORT6/HBH0681.jpg
239,hanan7/Pph9890.jpg
240,hanan9/Pph9985.jpg
241,master/hbm00005.jpg
242,
243,HANAN014/Phb1806.jpg
244,
245,PASSPORT10/HBH0943B.jpg
246,
247,VERTHEIM01111/PVE1180.jpg
248,VERTHEIM01111/PVE1180.jpg
249,
250,HANAN012/Phb1596.jpg
251,HANAN012/Phb1596.jpg
252,HANAN012/Phb1596.jpg
253,HANAN012/Phb1596.jpg
254,PASSPORT11/HBH0984A.jpg
255,
256,
257,HANAN0013/Phb0117B.jpg
258,
259,hanan12/Phb1728.jpg
261,NANAN00013/Phb0026.jpg
262,PASSPORT9/HBH0879A.jpg
263,PASSPORT9/HBH0879A.jpg
264,
265,HANAN0013/Phb0130B.jpg
266,VERTHEIM002/VER3415.jpg
267,
268,
269,VERTHEIM222/VER6435.jpg
270,VERTHEIM222/VER6435.jpg
271,VERTHEIM222/VER6435.jpg
272,VERTHEIM222/VER6435.jpg
273,VERTHEIM222/VER6435.jpg
274,VERTHEIM222/VER6435.jpg
275,VERTHEIM222/VER6435.jpg
276,VERTHEIM222/VER6435.jpg
277,LIPMAN0008/PPW3593.jpg
278,HANAN006/Pph5459.jpg
279,HANAN006/Pph5459.jpg
280,HANAN006/Pph5459.jpg
281,HANAN006/Pph5459.jpg
282,HANAN006/Pph5459.jpg
283,
284,HANANAD2/HBH0251.jpg
285,HANAN02/Pph0050.jpg
286,HANAN02/Pph0050.jpg
287,
288,may04/Duvid2.jpg
289,HANAN005/Pph4853.jpg
290,
291,HANANAD2/HBH0178.jpg
292,HANAN015/PHB2605.jpg
293,HANAN014/Phb1782.jpg
294,HANANAD1/HBH0063.jpg
295,HANAN014/Phb1782.jpg
296,HANAN014/Phb1782.jpg
297,PASSPORT7/HBH0830A.jpg
298,PASSPORT7/HBH0830A.jpg
299,PASSPORT7/HBH0830A.jpg
300,PASSPORT7/HBH0830A.jpg
301,jan08/sir1020.jpg
302,
303,aug07/bar941.jpg
304,LIPMAN0011/PPW0436.jpg
305,LIPMAN0011/PPW0436.jpg
306,marcho8/sir9020.jpg
307,HANANAD3/HBH0382.jpg
308,hanan12/Phb1719.jpg
309,hanan12/Phb1719.jpg
310,
311,hanan12/Phb1719.jpg
312,hanan12/Phb1719.jpg
313,hash500/sir08.jpg
314,HANAN018/Pph6461.jpg
315,
316,
317,master/hbm00008.jpg
318,hanan2/Pph0542.jpg
319,PASSPORT13/HBH1188.jpg
320,jan2010/hel1937.jpg
321,VERTHEIM0111/PVE1080.jpg
322,aug2003/lea02.jpg
323,hanan1/Pph1270.jpg
324,
325,VERTHEIM0111/PVE1069.jpg
326,
327,
328,LIPMAN13/PPW0479B.jpg
329,HANAN0022/PHB0026D.jpg
330,hanan12/Phb1742.jpg
331,VERTHEIM0111/PVE1005.jpg
332,VERTHEIM0111/PVE1036.jpg
333,hanan12/Phb1742.jpg
336,
337,HANAN15/PHB2160.jpg
338,lipman7/PPW3275.jpg
339,
340,HANAN01/Pph0371.jpg
342,jun11/zax456.jpg
343,LIPMAN004/PPW1871.jpg
345,HANAN0008/Pph7895.jpg
346,HASH10/HASH0134.jpg
347,
348,
349,LIPMAN08/PPW3768.jpg
351,
352,
353,LIPMAN07/PPW3248.jpg
354,hanan7/Pph9839.jpg
355,micha1/Ppm0066.jpg
356,HANAN00010/Phb1299.jpg
357,LIPMAN013/PPW0717B.jpg
359,hanan8/Pph9113.jpg
360,micha3/PPM0327.jpg
361,LIPMAN05/PPW2507.jpg
362,
363,
364,
365,LIPMAN0008/PPW3594.jpg
366,
367,
368,HANAN014/Phb1822.jpg
369,HANAN014/Phb1822.jpg
370,
371,HANAN015/PHB2638.jpg
372,hash200/PHB2606.jpg
373,VERTHEIM333/VER0425.jpg
374,VERTHEIM333/VER0425.jpg
375,PASSPORT12/HBH1004.jpg
376,PASSPORT12/HBH1004.jpg
377,PASSPORT12/HBH1004.jpg
378,PASSPORT12/HBH1004.jpg
379,PASSPORT12/HBH1004.jpg
380,
381,MICHA6/Ppm0080B.jpg
382,lipman3/PPW0218.jpg
383,
384,lipman01/PPW0616.jpg
385,
386,PASSPORT10/HBH0943B.jpg
387,PASSPORT10/HBH0943B.jpg
388,PASSPORT10/HBH0943B.jpg
389,PASSPORT10/HBH0943B.jpg
390,
391,PASSPORT9/HBH0879A.jpg
392,
393,
394,
395,HANAN014/Phb1798.jpg
396,
397,
398,
399,
400,LIPMAN32/PPW11488.jpg
401,LIPMAN32/PPW11488.jpg
402,LIPMAN007/PPW2952.jpg
403,HANAN21/PHB0476F.jpg
404,PASSPORT6/HBH0777B.jpg
405,HANAN022/PHB0253E.jpg
406,LIBERATION/SHA6825.jpg
407,
408,HANAN021/PHB0406F.jpg
409,HANAN0022/PHB0090D.jpg
410,LIPMAN007/PPW2952.jpg
411,micha2/Ppm0199.jpg
412,PASSPORT5/HBH0610.jpg
413,PASSPORT10/HBH0921B.jpg
414,
415,HANAN015/PHB2384.jpg
416,PASSPORT10/HBH0917.jpg
417,PASSPORT10/HBH0917.jpg
418,HANANAD1/HBH0025.jpg
419,HANANAD3/HBH0367.jpg
420,HANANAD3/HBH0367.jpg
421,hanan4/Pph5771.jpg
422,HANANAD3/HBH0367.jpg
423,
425,VERTHEIM011/PVE0999.jpg
426,PASSPORT7/HBH0848.jpg
427,HANANAD3/HBH0367.jpg
428,oc008/pol001.jpg
429,nov07/spe19.jpg
430,
431,lipman4/PPW2075.jpg
432,HANANAD3/HBH0312.jpg
433,HANANAD3/HBH0300.jpg
434,
435,HANAN014/Phb1796.jpg
436,
437,
438,
439,HANAN014/Phb1796.jpg
440,HANAN00015/PHB2221.jpg
441,HANANAD3/HBH0300.jpg
442,
443,HANANAD3/HBH0300.jpg
444,HANANAD3/HBH0300.jpg
445,HANANAD3/HBH0300.jpg
446,HANANAD3/HBH0300.jpg
447,HANANAD3/HBH0300.jpg
448,
449,
450,
451,
452,HANANAD3/HBH0298.jpg
453,dece09/pal123.jpg
454,dece09/pal123.jpg
455,master/hbm00004.jpg
456,HANAN014/Phb1809.jpg
457,HANAN00012/Pph2914.jpg
458,HANAN005/Pph4745.jpg
459,hanan5/Pph4717.jpg
460,
461,HANANAD3/HBH0320.jpg
462,oct04/roz101.jpg
463,HANAN0010/Phb1218.jpg
464,
465,
466,
467,
468,HANAN00015/PHB2232.jpg
469,VERTHEIM0111/PVE1016.jpg
470,PASSPORT10/HBH0943B.jpg
471,HANAN0022/PHB0026D.jpg
472,hash200/PHB2606.jpg
473,hash200/PHB2606.jpg
474,HANAN001/Pph0759.jpg
475,HANAN012/Phb1596.jpg
476,lipman8/PPW3875.jpg
477,PASSPORT6/HBH0785A.jpg
478,
479,HANANAD1/HBH0010.jpg
480,HANAN015/PHB2636.jpg
481,
482,
483,
484,
485,
486,HANAN000013/Phb0231.jpg
487,
489,PASSPORT6/HBH0650.jpg
490,PASSPORT6/HBH0650.jpg
491,HANAN00015/PHB2242.jpg
492,
493,
494,
495,PASSPORT10/HBH0911A.jpg
496,PASSPORT7/HBH0830A.jpg
497,PASSPORT10/HBH0911A.jpg
498,PASSPORT10/HBH0911A.jpg
499,PASSPORT10/HBH0911A.jpg
500,
501,HANAN014/Phb1778.jpg
502,hanan12/Phb1709.jpg
503,
504,PASSPORT12/HBH1096.jpg
505,HANANAD2/HBH0247.jpg
506,HANANAD2/HBH0247.jpg
507,
508,july05/aru1041.jpg
509,PASSPORT10/HBH0916.jpg
510,hash200/PHB2606.jpg
511,HANAN00015/PHB2232.jpg
512,HANAN012/Phb1596.jpg
513,HANANAD4/HBH0463.jpg
514,givon/giv0018.jpg
515,
516,HANANAD1/HBH0063.jpg
517,
518,HASH5/SOL0022.jpg
519,
520,micha1/Ppm0062.jpg
521,HANAN012/Phb1531.jpg
522,HANAN015/PHB2605.jpg
523,HANAN014/Phb1814.jpg
524,
525,
526,HANAN02/Pph0303.jpg
527,HANAN01/Pph0002.jpg
528,LIPMAN07/PPW3204.jpg
529,nos1/yarko002.jpg
530,HANAN012/Phb1629.jpg
531,HANANAD1/HBH0105.jpg
532,HANANAD1/HBH0105.jpg
533,
534,LIPMAN004/PPW1831.jpg
535,HANAN014/Phb1782.jpg
536,
538,HANAN0013/PHB0102B.jpg
539,hanan14/Phb1950.jpg
540,HANAN014/Phb1778.jpg
541,LIPMAN004/PPW1831.jpg
542,hanan18/Pph8329.jpg
543,
544,HANANAD4/HBH0411.jpg
545,HANANAD4/HBH0408.jpg
546,BARMITZVA/Shb0025.jpg
547,BARMITZVA/Sha0063.jpg
548,hash200/SHA8121.jpg
549,BARMITZVA/Shz7309.jpg
550,LIPMAN09/PPW0178B.jpg
551,BARMITZVA2/Shp0014.jpg
553,BARMITZVA2/Shs0068.jpg
554,HANAN001/Pph1050.jpg
555,lipman7/PPW3453.jpg
556,GBBIRTHDAYS/Shh6507.jpg
558,GBBIRTHDAYS/Shh6601.jpg
559,LIPMAN012/PPW1101A.jpg
560,passover/SPE6506.jpg
562,HANAN00011/Pph1589.jpg
563,LIPMAN03/PPW0040.jpg
565,HANAN00015/PHB2224.jpg
566,HANANAD3/HBH0300.jpg
567,givon1/giv0086.jpg
568,givon1/giv0086.jpg
570,hanan6/Pph5255.jpg
571,HANAN08/Pph8386.jpg
572,LIPMAN03/PPW0040.jpg
573,VERTHEIM0111/PVE1067.jpg
574,micha3/PPM0326.jpg
575,shalhevet2/gen538.jpg
576,HANAN000013/Phb0210.jpg
577,hanan4/Pph5637.jpg
578,HANAN01/Pph0002.jpg
579,hanan16/Pph5534.jpg
580,sept2003/PPW2050.jpg
581,givon11/giv0195.jpg
582,
583,
584,
585,HANAN0022/PHB0117D.jpg
586,PASSPORT7/HBH0837C.jpg
587,PASSPORT7/HBH0837C.jpg
588,PASSPORT12/HBH1098.jpg
589,PASSPORT12/HBH1098.jpg
590,HANAN008/Pph8572.jpg
591,HANAN008/Pph8572.jpg
592,NANAN00013/Phb0003.jpg
593,VERTHEIM00001/PVE0243.jpg
594,
595,hanan8/Pph8573.jpg
596,hanan8/Pph8573.jpg
597,
598,
599,MICHA6/Ppm1002F.jpg
600,
604,HANAN014/Phb1796.jpg
605,VERTHEIM0001/PVE0388.jpg
607,ZIK/0018.jpg
608,LIPMAN012/PPW1101A.jpg
609,HANAN007/Pph9598.jpg
610,HANAN021/PHB0388F.jpg
611,LIPMAN14/PPW0091C.jpg
612,givon11/giv0195.jpg
613,LIPMAN02/PPW1349.jpg
614,VARDON/VAR0010.jpg
615,LIPMAN005/PPW2298.jpg
616,LIPMAN14/PPW0050C.jpg
617,LIPMAN33/PPW11507.jpg
618,may13/Bengali.jpg
619,HANAN08/Pph8576.jpg
620,HANAN005/Pph4682.jpg
621,HANAN0022/PHB0088D.jpg
622,PASSPORT13/HBH1151.jpg
623,may2013/gen02773.jpg
624,BARMITZVA/Shz7314.jpg
625,HANANAD3/HBH0352.jpg
626,hash500/sir02.jpg
627,mar2010/gen401.jpg
628,hanan18/Pph8329.jpg
629,hanan7/Pph9820.jpg
630,hanan7/Pph9850.jpg
631,MICHA5/PPM0436.jpg
632,lipman4/PPW2109.jpg
635,
637,lipman6/PPW2874.jpg
638,hash102/PUN0208.jpg
639,MICHA6/Ppm0017B.jpg
641,vit2008/vit1048.jpg
642,
643,lipman11/PPW0696.jpg
644,HANAN002/Pph0139.jpg
645,
646,LIPMAN13/PPW0642B.jpg
647,
648,jan14/kal106.jpg
649,sep07/bar1006.jpg
650,ZIK/0018.jpg
651,PASSPORT7/HBH0842B.jpg
652,HANAN015/PHB2605.jpg
653,PASSPORT6/HBH0776A3.jpg
654,PASSPORT5/HBH0495.jpg
655,LIPMAN03/PPW0169.jpg
656,hanan4/Pph5931.jpg
657,HASHLAMOT2/HBH4964H.jpg
658,BARMITZVA2/Shz8313.jpg
659,HASH5/SOL0021.jpg
660,hanan10/Phb1293.jpg
661,DORMAN/bra0019.jpg
662,HASH5/SOL0020.jpg
663,HASH4/HAG3803.jpg
664,HASH4/HAG3803.jpg
665,apr06/sir745.jpg
666,HASH6/SOL0039.jpg
668,
669,VERTHEIM333/VER0371.jpg
670,hanan5/Pph5153.jpg
672,
673,LIPMAN03/PPW0169.jpg
674,jan2010/hel1937.jpg
675,givon1/giv0086.jpg
676,VERTHEIM1/PVE1329.jpg
677,hash9/logo_yuman.jpg
679,HANAN09/Phb0876.jpg
685,lipman38/PPW11810.jpg
687,
688,HANAN00012/Pph2842.jpg
690,MICHA6/Ppm0016B.jpg
691,ZIK/0019.jpg
692,ZIK/0019.jpg
694,ZIK/0019.jpg
695,ZIK/0019.jpg
696,ZIK/0019.jpg
697,HANAN04/Pph5618.jpg
698,ZIK/0019.jpg
699,HANAN00015/PHB2242.jpg
700,LIPMAM002/PPW1157.jpg
701,HANANAD1/HBH0092.jpg
702,dec12/gen0586.jpg
703,VERTHEIM01111/PVE1180.jpg
704,
705,VERTHEIM01111/PVE1174.jpg
709,PASSPORT12/HBH1072.jpg
710,
712,HANAN06/Pph5283.jpg
713,VERTHEIM0111/PVE1067.jpg
714,givon11/giv0169.jpg
715,LIPMAN15/PPW0124C.jpg
716,HANAN00012/Pph2851.jpg
717,HANAN00012/Pph2851.jpg
723,hash500/sir14.jpg
725,hash112/rud3.jpg
726,hash112/rud4.jpg
727,hanan6/Pph5380.jpg
728,master/hbm00019.jpg
729,HANAN012/Phb1561.jpg
730,lipman3/PPW0448.jpg
734,DRAMA/Shh0014B.jpg
735,LIPMAN15/PPW0175C.jpg
738,LIPMAN012/PPW1156.jpg
739,lipman2/PPW1591.jpg
740,PASSPORT6/HBH0651.jpg
741,lipman7/PPW3374.jpg
742,PASSPORT5/HBH0593A.jpg
743,LIPMAN005/PPW2214.jpg
744,sep07/sha115.jpg
745,lipman2/PPW1591.jpg
746,lipman2/PPW1591.jpg
747,Passport8/HBH0871C.jpg
748,lipman2/PPW1591.jpg
749,lipman7/PPW3410.jpg
750,HANANAD4/HBH0461.jpg
751,lipman12/PWL1357.jpg
752,jan2006/zax7224.jpg
754,MICHA6/Ppm1002F.jpg
755,lipman5/PPW2368.jpg
756,MICHA6/Ppm1002F.jpg
757,lipman9/PPW0046.jpg
758,hash101/PUN0023.jpg
759,lipman9/PPW0046.jpg
760,lipman9/PPW0046.jpg
761,PASSPORT5/HBH0593.jpg
762,lipman9/PPW0046.jpg
763,
764,VERTHEIM00002/VER2200.jpg
765,LIPMAN008/PPW3720.jpg
766,hash102/PUN0192.jpg
767,HANANAD4/HBH0463.jpg
768,PASSPORT12/HBH1003.jpg
769,HANANAD4/HBH0463.jpg
770,HANANAD4/HBH0463.jpg
771,PASSPORT12/HBH1072.jpg
772,AVNER/GAV0012.jpg
774,
775,Passport8/HBH0873B.jpg
776,VERTHEIM2/VER6603.jpg
777,VERTHEIM2/VER6603.jpg
782,lipman7/PPW3402.jpg
785,PASSPORT5/HBH0565.jpg
786,PASSPORT11/HBH0976A.jpg
787,PASSPORT11/HBH0966B.jpg
788,HANAN021/PHB0364F.jpg
789,HANANAD1/HBH0081.jpg
790,micha1/Ppm0072.jpg
791,
796,HANAN0022/PHB0026D.jpg
797,Passport8/HBH0858B.jpg
799,MICHA6/Ppm0017B.jpg
806,
807,hash500/sir01.jpg
808,
809,hash500/sir02.jpg
810,HANAN013/PHB0341.jpg
811,
813,
814,
816,
817,
818,
820,
821,
822,
823,
825,
826,
827,
829,
832,
833,
839,lipman0001/PPW0774.jpg
841,hash75/van756.jpg
843,HASH201/hash0216.jpg
844,hash200/SHA8143.jpg
845,july2003/gbu002.jpg
846,july2003/gbu005.jpg
847,HANAN02/Pph0050.jpg
848,HANAN0008/Pph7912.jpg
849,
850,
851,
852,
853,
854,
855,
856,PASSPORT10/HBH0918.jpg
857,oct04/gol1010.jpg
858,august03/gba005.jpg
859,august03/gba004.jpg
860,VERTHEIM222/VER6008.jpg
861,august03/gba008.jpg
862,august03/gba011.jpg
863,august03/gba011.jpg
864,
865,august03/gba012.jpg
866,
867,
868,august03/gba013.jpg
869,august03/gba014.jpg
871,lipman38/PPW11810.jpg
873,august03/gba011.jpg
874,LIPMAN05/PPW2603.jpg
875,aug2003/lea02.jpg
876,aug2003/gbu102.jpg
877,aug2003/gbu101.jpg
878,GBBIRTHDAYS/Shh6910.jpg
881,NANAN00013/Phb0003.jpg
882,sept2003/van200.jpg
883,october2003/van515.jpg
884,october2003/phb00002.jpg
885,HANANAD3/HBH0274.jpg
891,75birthday/mer123.jpg
892,75birthday/van572.jpg
893,
894,gavrieli/gav221.jpg
895,LIPMAN09/PPW0028B.jpg
896,HANAN012/Phb1596.jpg
897,HANAN014/Phb1806.jpg
899,lipman39/PPW11768.jpg
901,
902,HANANAD2/HBH0164.jpg
903,DRAMA/Shh0006.jpg
905,LIPMAN0011/PPW0441.jpg
906,LIPMAN007/PPW3030.jpg
909,jan2003/DSCF0015.jpg
916,PASSPORT5/HBH0507.jpg
917,passover/SPE6611.jpg
919,PASSPORT13/HBH1188.jpg
920,october2003/fri103.jpg
921,lipman001/PPW0671.jpg
922,lipman001/PPW0671.jpg
923,HANAN00012/Pph2887.jpg
924,HANAN00012/Pph2899.jpg
925,may04/hav6.jpg
934,LIBERATION/Sha6309.jpg
935,PASSPORT7/HBH0848.jpg
936,ap2006/sir856.jpg
937,VERTHEIM01111/PVE1180.jpg
938,VERTHEIM01111/PVE1180.jpg
939,LIBERATION/Sha6410.jpg
940,mai04/log302.jpg
943,may04/Haguit.jpg
944,micha2/Ppm0157.jpg
952,may04/Haguit.jpg
953,
954,LIPMAN004/PPW1757.jpg
960,aug07/bar974.jpg
962,hanan16/Pph5530.jpg
963,mai04/log308.jpg
964,givon/giv0014.jpg
965,hanan16/Pph5534.jpg
968,micha2/Ppm0230.jpg
969,hanan9/PHB0850.jpg
970,hanan9/PHB0850.jpg
971,jan05/ser4011.jpg
972,LIPMAN04/PPW1943.jpg
974,oct04/seg602.jpg
975,NANAN00013/Phb0003.jpg
977,75birthday/yom002.jpg
978,hanan5/Pph5162.jpg
979,HANAN0022/PHB0089D.jpg
981,LIPMAN012/PPW1187A.jpg
984,dec05/har123.jpg
985,hanan8/Pph8944.jpg
986,LIPMAN013/PPW0717B.jpg
987,LIPMAN0002/PPW1064.jpg
991,VERTHEIM0111/PVE1025B.jpg
997,
1006,hanan16/Pph5598.jpg
1007,april05/por2005.jpg
1009,
1010,hanan17/Phb0573.jpg
1011,LIPMAN09/PPW0017B.jpg
1012,apri2005/Zax2015.jpg
1013,HANAN015/PHB2641.jpg
1014,april05/ult117.jpg
1015,may05/gra108.jpg
1016,
1017,HANAN004/Pph5789.jpg
1018,hash9/SEL0002.jpg
1019,HANAN014/Phb1777.jpg
1020,july05/aru1035.jpg
1022,givon/giv0015.jpg
1023,lipman10/PPW0321.jpg
1024,HANAN015/PHB2402.jpg
1025,VERTHEIM22/VER5615.jpg
1026,shalhevet2/gen566.jpg
1027,sep05/flu301.jpg
1028,
1029,
1031,
1032,MICHA5/Ppm0125.jpg
1033,MICHA5/PPM0436.jpg
1035,LIPMAN004/PPW1861.jpg
1036,HANAN001/PPH0645.jpg
1037,HANANAD2/HBH0164.jpg
1038,HANAN08/Pph8576.jpg
1039,zad05/129.jpg
1040,nov07/spe16.jpg
1041,
1042,
1043,HANAN021/PHB0385F.jpg
1044,hanan11/Pph5239.jpg
1045,GBBIRTHDAYS/Shh6907.jpg
1046,
1047,gbwalk2006/sir829.jpg
1049,ap2006/sir854.jpg
1050,PASSPORT10/HBH0943B.jpg
1051,
1054,HANAN00012/Pph2854.jpg
1055,jun06/seg809.jpg
1056,PASSPORT10/HBH0911A.jpg
1057,sep06/seg531.jpg
1058,oct06/sir569.jpg
1059,
1060,august03/gba011.jpg
1061,nov06/gen106.jpg
1062,sept2003/PPW2070.jpg
1063,LIPMAN004/PPW1891.jpg
1064,hanan5/Pph4820.jpg
1066,jan07/sir753.jpg
1067,feb2007/sir1010.jpg
1072,mai07/sir7241.jpg
1073,hash102/PUN0208.jpg
1074,oct05/han2001.jpg
1075,MICHA5/PPM0432.jpg
1076,HANAN00015/PHB2254.jpg
1077,HANAN00015/PHB2254.jpg
1079,LIPMAN007/PPW2954.jpg
1080,LIPMAN007/PPW2954.jpg
1081,PASSPORT13/HBH1156.jpg
1082,PASSPORT13/HBH1156.jpg
1083,PASSPORT13/HBH1156.jpg
1084,PASSPORT13/HBH1156.jpg
1085,PASSPORT13/HBH1156.jpg
1086,PASSPORT13/HBH1156.jpg
1087,PASSPORT13/HBH1156.jpg
1088,PASSPORT13/HBH1156.jpg
1089,PASSPORT13/HBH1156.jpg
1090,PASSPORT13/HBH1156.jpg
1091,PASSPORT13/HBH1156.jpg
1092,PASSPORT13/HBH1156.jpg
1093,PASSPORT13/HBH1156.jpg
1094,PASSPORT13/HBH1156.jpg
1095,PASSPORT13/HBH1156.jpg
1096,PASSPORT13/HBH1156.jpg
1099,PASSPORT13/HBH1156.jpg
1101,PASSPORT13/HBH1156.jpg
1102,PASSPORT13/HBH1156.jpg
1103,PASSPORT13/HBH1156.jpg
1104,PASSPORT13/HBH1156.jpg
1105,PASSPORT13/HBH1156.jpg
1106,PASSPORT13/HBH1156.jpg
1107,PASSPORT13/HBH1156.jpg
1108,PASSPORT13/HBH1156.jpg
1109,PASSPORT13/HBH1156.jpg
1110,PASSPORT13/HBH1156.jpg
1111,PASSPORT9/HBH0906B.jpg
1112,hanan12/Phb1720.jpg
1114,hanan6/Pph5517.jpg
1115,LIBERATION/Sha6411.jpg
1116,micha2/Ppm0165.jpg
1117,hanan17/Phb0675.jpg
1118,HANAN002/Pph0360.jpg
1119,oct06/sir573.jpg
1120,
1121,PASSPORT13/HBH1189.jpg
1122,HANAN21/PHB0548F.jpg
1123,LIPMAN0011/PPW0441.jpg
1124,july2007/zax1004.jpg
1125,givon11/giv0109.jpg
1126,HANAN015/PHB2615.jpg
1127,HANAN015/PHB2615.jpg
1128,HANAN015/PHB2615.jpg
1129,VERTHEIM0111/PVE1005.jpg
1130,hanan6/Pph5405.jpg
1131,hash114/natan0004.jpg
1132,LIPMAN07/PPW3197.jpg
1133,LIPMAN013/PPW0837B.jpg
1134,givon11/giv0169.jpg
1135,LIPMAN012/PPW1172A.jpg
1136,aug07/bar971.jpg
1137,lipman11/PPW0747.jpg
1138,LIPMAN13/PPW0651B.jpg
1139,LIPMAN0008/PPW3591.jpg
1140,lipman4/PPW2058.jpg
1141,october2003/van340.jpg
1142,jun2007/bar510.jpg
1143,jun2007/sht308.jpg
1144,june007/gen9001.jpg
1145,VERTHEIM00001/PVE0435.jpg
1146,VERTHEIM00001/PVE0435.jpg
1147,hanan12/PHB1743.jpg
1148,VERTHEIM00001/PVE0435.jpg
1149,hanan12/PHB1743.jpg
1150,VERTHEIM00001/PVE0433.jpg
1151,NANAN00013/Phb0047.jpg
1152,VERTHEIM00001/PVE0433.jpg
1153,VERTHEIM00001/PVE0433.jpg
1154,VERTHEIM00001/PVE0435.jpg
1155,VERTHEIM00001/PVE0435.jpg
1156,hanan12/PHB1743.jpg
1157,VERTHEIM00001/PVE0435.jpg
1160,lipman39/PPW11791.jpg
1161,july2007/bar918.jpg
1162,jan2003/DSCF0014.jpg
1163,aug07/bar990.jpg
1164,aug07/bar947.jpg
1165,aug07/bar967.jpg
1166,aug07/bar967.jpg
1167,aug07/bar970.jpg
1168,hanan11/Phb0540.jpg
1169,HANANAD3/HBH0298.jpg
1170,hanan9/PHB0850.jpg
1171,hanan9/PHB0850.jpg
1172,LIPMAN13/PPW0646B.jpg
1173,LIPMAN0008/PPW3589.jpg
1174,VARDON/VAR0016.jpg
1175,
1176,ZIK/0023.jpg
1179,
1180,lipman3/PPW0358.jpg
1181,nov07/spec108.jpg
1182,nov07/spe19.jpg
1183,jan08/gav921.jpg
1184,jan08/sir1017.jpg
1185,lipman7/PPW3387.jpg
1186,
1187,marcho8/sir9020.jpg
1188,oct12/kam105.jpg
1189,BARMITZVA/Shb0003.jpg
1190,avril08/sir9219.jpg
1191,
1192,may08/sch901.jpg
1193,walk08/sir7010.jpg
1194,HANAN014/Phb1772.jpg
1195,yok5/yok046.jpg
1196,yoki1/yok010.jpg
1197,yoki1/yok022.jpg
1198,hanan4/Pph5976.jpg
1199,yok3/yok035.jpg
1200,YOK2/yok033.jpg
1201,
1202,HANAN0012/Phb1450.jpg
1203,HANAN03/Pph3099.jpg
1204,yok3/yok039.jpg
1205,lipman01/PPW0566.jpg
1206,HANAN005/Pph4682.jpg
1207,VERTHEIM33/VER0162.jpg
1208,
1209,LIPMAN0008/PPW3591.jpg
1210,LIPMAN0008/PPW3591.jpg
1211,lipman11/PPW0696.jpg
1212,LIPMAN0008/PPW3591.jpg
1213,hash114/natan0004.jpg
1214,hash114/natan0004.jpg
1215,hash114/natan0004.jpg
1216,LIPMAN008/PPW3721.jpg
1217,lipman11/PPW0696.jpg
1218,LIPMAN008/PPW3721.jpg
1219,LIPMAN0008/PPW3591.jpg
1220,LIBERATION/SHA6728.jpg
1221,may08/bra101.jpg
1222,LIBERATION/SHA6728.jpg
1223,LIBERATION/SHA6728.jpg
1224,PASSPORT12/HBH1103.jpg
1225,PASSPORT12/HBH1103.jpg
1226,PASSPORT12/HBH1103.jpg
1227,PASSPORT12/HBH1103.jpg
1228,PASSPORT12/HBH1103.jpg
1229,PASSPORT12/HBH1103.jpg
1230,givon11/has0900.jpg
1231,PASSPORT12/HBH1103.jpg
1232,july2008/P6280396.jpg
1233,HANAN06/Pph5350.jpg
1234,
1235,
1236,HANAN02/Pph0050.jpg
1237,july08/eli101.jpg
1241,HANAN01/Pph0002.jpg
1242,HANAN01/Pph0002.jpg
1243,aug08/sht502.jpg
1244,sep08/est005.jpg
1245,sept8/sir8013.jpg
1246,HANANAD3/HBH0300.jpg
1247,vit2008/vit1006.jpg
1248,
1249,jan2006/zax7111.jpg
1250,jan2006/zax7116.jpg
1251,LIPMAN0002/PPW1120.jpg
1256,o08/por0002.jpg
1257,sep09/gen638.jpg
1258,sep09/gen638.jpg
1259,lipman8/PPW3882.jpg
1260,LIPMAN0004/PPW1638.jpg
1261,LIPMAN15/PPW0126C.jpg
1262,
1263,
1264,
1265,
1266,oc08/gav0552.jpg
1269,VERTHEIM00001/PVE0438.jpg
1270,
1271,jan09/gav103.jpg
1273,jan2009/gen503.jpg
1274,jan2009/gen505.jpg
1275,july2008/P6280398.jpg
1276,
1277,hanan9/PHB0718.jpg
1278,
1279,sept2003/van200.jpg
1280,
1281,feb09/zax980.jpg
1282,HANAN015/PHB2605.jpg
1283,micha2/Ppm0186.jpg
1284,LIBERATION/SHA6726.jpg
1285,
1286,april09/gen0409.jpg
1287,
1288,LIPMAN004/PPW1871.jpg
1290,
1291,
1292,
1293,
1294,
1295,
1296,sep08/est005.jpg
1297,LIPMAN0012/PPW0949A.jpg
1298,
1299,
1300,HANAN014/Phb1772.jpg
1301,
1302,zak1/zak003.jpg
1303,zak2/zak0105.jpg
1304,zak3/zak0192.jpg
1305,zak3/zak0180.jpg
1306,hanan18/Pph8329.jpg
1307,zak4/zak0322.jpg
1309,apr07/yizgu1240.jpg
1311,LIPMAN008/PPW3657.jpg
1312,passover/SPE6500.jpg
1313,GBBIRTHDAYS/SHH6514.jpg
1314,hanan5/Pph5155.jpg
1315,
1316,may06/sir768.jpg
1317,
1318,jan2009/ppw25600.jpg
1320,jan2009/ppw25600.jpg
1321,apri2005/zax2016.jpg
1322,walk08/sir7006.jpg
1323,
1324,may08/ctc1024.jpg
1325,oct03/van320.jpg
1326,
1327,zak6/zak0420.jpg
1328,hash9/RIMON2.jpg
1329,sep07/sha123.jpg
1330,HANAN02/Pph0299.jpg
1332,june09/por202.jpg
1333,hanan2/Pph0542.jpg
1334,lipman7/PPW3387.jpg
1335,july08/yan102.jpg
1338,PASSPORT12/HBH1011.jpg
1339,PASSPORT12/HBH1011.jpg
1340,PASSPORT12/HBH1011.jpg
1341,PASSPORT12/HBH1011.jpg
1344,PASSPORT9/HBH0890B.jpg
1345,passover/SPE6504.jpg
1346,HANAN021/PHB0368F.jpg
1347,
1350,sep09/gen615.jpg
1351,jun11/con4449.jpg
1353,oct2009/gen5041.jpg
1354,oct2009/gen5040.jpg
1355,oct2009/gen5040.jpg
1356,lipman001/PPW0629.jpg
1357,lipman001/PPW0629.jpg
1358,lipman001/PPW0629.jpg
1359,
1360,
1362,HANAN04/Pph5661.jpg
1363,HANAN04/Pph5660.jpg
1364,HANAN022/PHB0205E.jpg
1365,nov07/spe16.jpg
1366,
1368,udi/udi50.jpg
1369,udi/udi50.jpg
1370,udi/udi50.jpg
1371,june09/gen2004.jpg
1372,udi/udi50.jpg
1373,jun06/seg805.jpg
1374,udi/udi50.jpg
1375,
1376,udi3/udi706.jpg
1377,udi3/udi707.jpg
1378,
1379,udi/udi50.jpg
1380,udi/udi50.jpg
1381,udi/udi50.jpg
1382,udi3/udi707.jpg
1383,PASSPORT12/HBH1039.jpg
1384,HANAN006/Pph5477.jpg
1385,udi/udi50.jpg
1386,
1387,
1388,HANAN0022/PHB0096D.jpg
1389,HANANAD4/HBH0434A.jpg
1390,hanan19/Pph9293.jpg
1391,PASSPORT10/HBH0000A.jpg
1392,jan2010/gol195000.jpg
1393,PASSPORT5/HBH0602A.jpg
1394,HANAN012/Phb1504.jpg
1395,LIPMAM002/PPW1221.jpg
1396,HANANAD1/HBH0107.jpg
1397,PASSPORT5/HBH0602A.jpg
1398,LIPMAM002/PPW1222.jpg
1399,LIPMAM002/PPW1221.jpg
1409,LIPMAM002/PPW1221.jpg
1410,LIBERATION/Sha6407.jpg
1411,hanan19/Pph9293.jpg
1412,VERTHEIM0111/PVE1011A.jpg
1413,LIPMAN0004/PPW1681.jpg
1414,
1415,LIPMAN011/PPW0635.jpg
1416,HANAN09/Phb0711.jpg
1417,ZIK/0021.jpg
1418,HANAN09/Phb0711.jpg
1419,ZIK/0021.jpg
1420,HANAN09/Phb0711.jpg
1421,ZIK/0021.jpg
1422,ZIK/0021.jpg
1423,apr11/rud31.jpg
1424,apr11/rud31.jpg
1425,yoki1/yok011.jpg
1426,VERTHEIM222/VER6435.jpg
1427,
1428,LIPMAN0008/PPW3564.jpg
1429,
1430,april13/gen002303.jpg
1431,AVNER/GAV0012.jpg
1432,hanan10/PHB4958.jpg
1433,hanan6/Pph5254.jpg
1434,hanan6/Pph5254.jpg
1435,
1439,HANAN005/Pph4866.jpg
1440,
1441,LIPMAN0011/PPW0415.jpg
1442,july15/zax3018.jpg
1443,HANAN0022/PHB0116D.jpg
1444,spt10/gav983.jpg
1446,sept10/100years_20.jpg
1448,
1449,abc53/rie2450.jpg
1450,udi2/IMG_2727.jpg
1451,july2007/bar918.jpg
1452,oct10/sch7006.jpg
1453,
1455,givon11/giv0169.jpg
1456,ZIK/0018.jpg
1457,micha3/PPM0325.jpg
1458,micha3/PPM0325.jpg
1459,VERTHEIM00001/PVE0170.jpg
1460,
1461,
1462,LIPMAN007/PPW3032.jpg
1463,HANAN0022/PHB0021D.jpg
1464,LIPMAN007/PPW3032.jpg
1465,HANAN21/PHB0544F.jpg
1466,LIPMAN007/PPW3032.jpg
1467,HANAN09/Phb0711.jpg
1468,HANAN09/Phb0711.jpg
1469,HANAN09/Phb0711.jpg
1470,HANAN09/Phb0711.jpg
1471,HANAN09/Phb0711.jpg
1472,
1473,
1474,
1475,VERTHEIM2/VER6600.jpg
1476,feb2011/gen6567.jpg
1477,BARMITZVA/Shh8122.jpg
1478,apr011/gol3506.jpg
1479,HASH201/hash0215.jpg
1480,PASSPORT6/HBH0642A.jpg
1481,VERTHEIM00002/VER2209.jpg
1482,VERTHEIM00002/VER2209.jpg
1483,MICHA6/Ppm0006B.jpg
1484,june09/sch780.jpg
1485,MICHA6/Ppm0006B.jpg
1486,PASSPORT6/HBH0627.jpg
1487,LIPMAN010/PPW0127.jpg
1488,lipman9/PPW0051.jpg
1489,lipman10/PPW0265.jpg
1490,lipman9/PPW0009.jpg
1491,PASSPORT7/HBH0805B.jpg
1492,jan2006/mor232.jpg
1493,may05/gra110.jpg
1494,micha2/Ppm0146.jpg
1495,
1496,feb2004/vit206.jpg
1497,PASSPORT9/HBH0890.jpg
1498,hanan5/Pph5178.jpg
1499,feb2004/vit206.jpg
1500,sept8/sir8016.jpg
1501,sept8/sir8016.jpg
1502,sept8/sir8016.jpg
1503,
1504,HANAN021/PHB0362F.jpg
1505,jun11/con4443.jpg
1506,jun11/con4444.jpg
1507,
1508,LIPMAN0008/PPW3584.jpg
1510,jul11/gen7099.jpg
1511,jul11/gen7099.jpg
1512,ap009/sir0105.jpg
1513,HANAN014/Phb1827.jpg
1514,HANAN21/PHB0522F.jpg
1515,HANAN21/PHB0522F.jpg
1516,HANAN21/PHB0522F.jpg
1517,
1518,LIPMAN07/PPW3251.jpg
1520,sep11/haz12.jpg
1521,
1522,lipman01/PPW0525.jpg
1523,micha2/Ppm0130.jpg
1524,micha2/Ppm0130.jpg
1525,micha2/Ppm0130.jpg
1526,PASSPORT12/HBH1058.jpg
1527,Passport8/HBH0863C.jpg
1528,
1529,
1530,VERTHEIM00002/VER2007.jpg
1531,hash13/hash112/shar002.jpg
1532,
1533,
1534,HANANAD1/HBH0091.jpg
1536,lipman11/PPW0788.jpg
1537,
1538,ZIK/0015.jpg
1539,april2012/sir907.jpg
1540,mar2013/ref0120.jpg
1541,HANANAD2/HBH0250.jpg
1542,hanan18/Pph9188.jpg
1543,hanan3/Pph3272.jpg
1544,HANAN014/Phb1822.jpg
1545,HANAN014/Phb1782.jpg
1546,
1547,
1548,HANAN021/PHB0393F.jpg
1549,PASSPORT9/HBH0906B.jpg
1550,MICHA5/PPM0036.jpg
1551,
1552,LIPMAN0002/PPW1022.jpg
1553,HANAN000013/Phb0212.jpg
1554,
1555,
1556,lipman001/PPW0671.jpg
1557,MICHA4/Ppm0073.jpg
1558,LIPMAN07/PPW3172.jpg
1559,may2012/kes101.jpg
1560,LIPMAN008/PPW3693.jpg
1561,
1562,
1563,VERTHEIM33/VER0162.jpg
1564,hanan8/Pph8944.jpg
1565,VERTHEIM0001/PVE0320.jpg
1566,au12/gen2102.jpg
1567,au12/gen2102.jpg
1568,
1569,sep12/eiz017.jpg
1570,sep12/eiz017.jpg
1571,
1575,sep12/eiz017.jpg
1576,sep12/eiz003.jpg
1577,sep12/eiz006.jpg
1578,HANAN0010/PHB1155.jpg
1580,OCT2012/sht99479.jpg
1581,HANAN0010/Phb1239.jpg
1582,
1583,
1584,nov12/bar0201.jpg
1585,HANAN15/PHB0924b.jpg
1586,LIBERATION/Sha6309.jpg
1587,
1588,
1589,dec12/gen0587.jpg
1590,lipman2/PPW1596.jpg
1591,lipman2/PPW1596.jpg
1592,lipman2/PPW1596.jpg
1593,
1594,micha1/Ppm0061.jpg
1595,
1596,
1598,hanan3/Pph3273.jpg
1599,
1600,mar13/gen3002.jpg
1601,mar13/gen3016.jpg
1602,hanan1/Pph1269.jpg
1603,
1604,mar2013/ref0120.jpg
1605,abc53/rie2410.jpg
1606,hash101/PUN0027.jpg
1607,hash101/PUN0025.jpg
1608,hash101/PUN0025.jpg
1609,apr13/zax0816.jpg
1610,HANAN0022/PHB0269D.jpg
1611,july13/gen0562.jpg
1612,PASSPORT7/HBH0838C.jpg
1613,hanan8/Pph8944.jpg
1614,
1615,hanan11/Pph5211.jpg
1616,may13/avi0101.jpg
1617,
1618,hanan11/Pph5211.jpg
1619,may2013/zax0851.jpg
1620,
1621,HASH10/HASH0135.jpg
1622,HASH10/HASH0135.jpg
1623,HASH10/HASH0135.jpg
1624,
1625,
1626,
1627,
1628,
1629,LIPMAN004/PPW1840.jpg
1632,
1633,augu13/ziv003.jpg
1634,givon11/giv0169.jpg
1635,october13/ram220.jpg
1636,LIPMAN0011/PPW0439.jpg
1637,LIPMAN0011/PPW0437.jpg
1638,sep14/gen8007.jpg
1639,se13/giv0236.jpg
1640,
1641,
1642,udi3/udi800.jpg
1643,october13/bor237.jpg
1644,sept8/sir8013.jpg
1645,nov2013/yir102.jpg
1646,nov2013/yir109.jpg
1647,nov2013/yir107.jpg
1648,nov2013/yir102.jpg
1649,nov2013/yir103.jpg
1650,
1651,nov2013/yir101.jpg
1652,
1653,PASSPORT6/HBH0776.jpg
1654,nov2013/yir102.jpg
1655,nov2013/yir102.jpg
1656,nov2013/yir115.jpg
1657,nov2013/yir116.jpg
1658,nov2013/yir111.jpg
1659,nov2013/yir111.jpg
1660,oc008/pol001.jpg
1661,oc008/pol001.jpg
1662,nov2013/yir101.jpg
1663,nov2013/yir106.jpg
1664,dec13/reg101.jpg
1665,LIPMAN007/PPW3033.jpg
1667,
1668,dec2009/gen3886.jpg
1669,HANAN0022/PHB0291D.jpg
1670,
1671,
1672,
1673,jan14/kal105.jpg
1674,jan14/kal106.jpg
1675,jan14/kal107.jpg
1676,jan14/kal104.jpg
1677,
1678,
1679,jan14/alg102.jpg
1680,
1681,feb14/pal0303.jpg
1683,ap14/sir3512.jpg
1684,mar15/varburg111.jpg
1685,april14/sht0132.jpg
1686,HANANAD2/HBH0251.jpg
1687,
1688,feb2004/sch102.jpg
1689,LIPMAN04/PPW1949.jpg
1696,sep14/gen8010.jpg
1697,
1698,givon11/giv0106.jpg
1699,givon11/giv0106.jpg
1700,givon11/giv0106.jpg
1701,givon11/giv0106.jpg
1702,july2014/pep004.jpg
1703,givon11/giv0106.jpg
1704,july2014/sht0508.jpg
1705,HANANAD4/HBH0463.jpg
1706,feb007/bar118.jpg
1707,
1708,
1709,micha2/Ppm0183.jpg
1710,lipman3/PPW0448.jpg
1711,sep14/gen8006.jpg
1712,sep14/gen8007.jpg
1713,
1714,
1715,
1716,
1717,
1718,
1719,
1720,
1721,
1722,feb14/pal0303.jpg
1723,oct14/tad3017.jpg
1724,HANAN015/PHB2605.jpg
1725,LIPMAN06/PPW2736.jpg
1726,lipman4/PPW2184.jpg
1727,PURIM2/PPV0011.jpg
1728,hanan5/Pph5032.jpg
1729,
1730,VERTHEIM3/VER0078.jpg
1731,dec2014/gen3513.jpg
1732,mar15/CAM00252.jpg
1733,mar15/gen6742.jpg
1734,jan15/gen6805.jpg
1735,PASSPORT7/HBH0838C.jpg
1737,mar15/gen6742.jpg
1738,mar15/hetz111.jpg
1739,HANAN09/Phb0711.jpg
1740,ZIK/0021.jpg
1741,micha3/PPM0297.jpg
1746,april2015/gen7607.jpg
1747,april2015/gen5029.jpg
1748,april2015/gen7622.jpg
1749,may15/jac106.jpg
1750,hanan18/Pph8669.jpg
1751,
1752,HANAN021/PHB0384F.jpg
1753,
1754,HANAN021/PHB0384F.jpg
1755,HANAN021/PHB0384F.jpg
1756,HANAN021/PHB0384F.jpg
1757,aug15/gen7886.jpg
1758,lipman39/PPW11768.jpg
1759,
1760,lipman39/PPW11768.jpg
1761,
1762,aug15/rim007.jpg
1763,
1764,
1765,
1767,
1768,sep15/ram0407.jpg
10,
16,hash200/SHA7301.jpg
17,HANANAD4/HBH0472A.jpg
23,HANAN07/Pph8683.jpg
25,HANAN001/PPH0535.jpg
26,HANAN001/PPH0540.jpg
27,master/hbm00004.jpg
28,LIPMAN33/PPW11508.jpg
29,HANANAD3/HBH0345.jpg
30,
31,april2015/gen7606.jpg
32,HANAN001/PPH0547.jpg
33,PASSPORT6/HBH0627.jpg
34,hanan4/Pph5637.jpg
35,jan2010/kum1939.jpg
36,HANAN001/Pph0659.jpg
37,hash200/PHB2606.jpg
38,hanan10/Phb1413.jpg
39,HANAN00015/PHB2232.jpg
40,
41,
42,PASSPORT7/HBH0825A.jpg
43,PASSPORT6/HBH0627.jpg
44,NANAN00013/Phb0003.jpg
