MemberID,PhotoPath
88,HANAN022/PHB0234E.jpg
89,hash200/SHA8131.jpg
117,HASHLAMOT/HAS0008.jpg
118,PASSPORT10/HBH0916.jpg
119,HANAN015/PHB2638.jpg
120,HANAN001/PPH0544.jpg
121,LIPMAN0008/PPW3466.jpg
122,PASSPORT7/HBH0822A.jpg
123,VERTHEIM02222/VER5316.jpg
124,PASSPORT5/HBH0488A.jpg
125,HANANAD1/HBH0004.jpg
126,HANAN005/Pph4775.jpg
127,PASSPORT9/HBH0883A.jpg
128,hanan17/Phb0625.jpg
129,PASSPORT12/HBH1103.jpg
130,PASSPORT10/HBH0943.jpg
131,NANAN00013/Phb0010.jpg
132,HANAN00010/Phb1300.jpg
133,HANAN003/Pph3149.jpg
134,HANAN004/Pph5768.jpg
135,PASSPORT5/HBH0609.jpg
136,HANAN00015/PHB2254.jpg
137,HANAN004/Pph5791.jpg
138,HANAN004/Pph5791.jpg
139,HANAN005/Pph4312.jpg
140,HANAN004/Pph5791.jpg
141,HANANAD4/HBH0407.jpg
142,HANAN014/Phb1822.jpg
143,HANANAD3/HBH0259.jpg
144,HANAN09/Phb0711.jpg
145,HANAN09/Phb0704.jpg
146,hanan9/PHB0705.jpg
148,oct2014/gen6074.jpg
149,LIPMAN011/PPW0654.jpg
150,HANAN005/Pph4744.jpg
152,HANAN005/Pph4984.jpg
153,july2008/P6280369.jpg
157,HANAN00015/PHB2264.jpg
158,HANAN03/Pph3123.jpg
159,HANAN006/Pph5459.jpg
160,HANAN006/Pph5470.jpg
161,HANAN006/Pph5470.jpg
162,MICHA5/PPM0413.jpg
163,VERTHEIM00001/PVE0159.jpg
164,HANAN007/Pph9801.jpg
165,HANAN007/Pph9804.jpg
166,HANAN008/Pph8574.jpg
167,HANAN008/Pph9013.jpg
168,HANAN0010/Phb1195.jpg
169,HANAN008/Pph9006.jpg
170,HANAN008/Pph9048.jpg
171,HANAN009/Phb0687.jpg
172,HANAN009/Phb0700.jpg
173,HANAN009/PHB0706.jpg
174,HANAN009/PHB0765.jpg
176,HANAN009/PHB0799.jpg
177,HANAN0010/PHB1100.jpg
178,HANAN0010/PHB1119.jpg
179,HANAN0010/PHB1120.jpg
180,HANAN0010/PHB1127.jpg
181,HANAN0010/PHB1131.jpg
182,HANAN01/Phb1139.jpg
183,HANAN0010/Phb1195.jpg
184,HANAN0010/Phb1195.jpg
185,HANAN0010/Phb1200.jpg
186,HANAN0010/Phb1200.jpg
187,lipman3/PPW0248.jpg
188,LIPMAN0002/PPW1069.jpg
189,LIPMAN06/PPW2713.jpg
190,lipman10/PPW0321.jpg
191,HANAN0010/Phb1193.jpg
192,HANAN0022/PHB0289D.jpg
193,lipman3/PPW0465.jpg
194,au12/gen2102.jpg
195,LIPMAN0002/PPW1028.jpg
196,shalhevet2/gen572.jpg
197,jan15/sch1070.jpg
198,lipman4/PPW2106.jpg
199,HANAN0010/PHB1187.jpg
201,HANANAD3/HBH0358.jpg
202,HANAN009/Phb0771.jpg
203,HANAN012/Phb1531.jpg
204,HANANAD4/HBH0460B.jpg
205,HANANAD3/HBH0273.jpg
206,MICHA5/Ppm0111.jpg
207,HANAN0010/PHB1095.jpg
208,LIPMAN007/PPW3070.jpg
209,LIPMAN007/PPW2991.jpg
210,HANAN015/PHB2730.jpg
211,HANANAD2/HBH0199.jpg
212,LIPMAN0011/PPW0415.jpg
213,Passport8/HBH0871C.jpg
214,LIPMAN0004/PPW1723.jpg
215,HANANAD4/HBH0469A.jpg
216,shalhevet2/gen549.jpg
217,HANANAD3/HBH0255.jpg
218,HANAN009/PHB0778.jpg
219,jan14/kal103.jpg
220,HANAN006/Pph5470.jpg
221,PASSPORT7/HBH0821A.jpg
222,Passport8/HBH0866C.jpg
223,MICHA5/PPM4268.jpg
224,HANAN021/PHB0390F.jpg
225,PASSPORT12/HBH1120.jpg
226,HANANAD4/HBH0466A.jpg
227,HANANAD3/HBH0359.jpg
230,PURIM1/PPH5400.jpg
231,hash101/PUN0096.jpg
232,HANAN006/Pph5407.jpg
233,hash101/PUN0101.jpg
234,LIPMAN012/PPW1097A.jpg
235,micha2/Ppm0175.jpg
236,hanan17/Phb0616.jpg
237,PASSPORT7/HBH0813.jpg
238,HANANAD3/HBH0339.jpg
240,PASSPORT7/HBH0826C.jpg
241,HANANAD2/HBH0164.jpg
243,MICHA6/Ppm0087B.jpg
244,HANAN009/PHB0790.jpg
245,hanan18/Pph8329.jpg
246,PASSPORT5/HBH0595A.jpg
247,HANAN021/PHB0395F.jpg
248,PASSPORT5/HBH0598A.jpg
250,feb16/efr1001.jpg
251,hanan18/Pph9180.jpg
252,HANANAD3/HBH0306.jpg
253,HANAN018/Pph8117.jpg
254,HANAN009/PHB0726.jpg
255,HANAN013/Phb0311.jpg
257,HANAN015/PHB2641.jpg
258,HANANAD3/HBH0300.jpg
259,hanan16/Pph5530.jpg
261,apr07/yiz1236.jpg
262,LIPMAN08/PPW3824.jpg
263,HANAN022/PHB0184E.jpg
264,HANAN009/PHB0747.jpg
265,HANAN0010/Phb1101.jpg
266,HANAN009/PHB0758.jpg
267,HANAN0010/PHB1172.jpg
268,PASSPORT13/HBH1157.jpg
269,VARDON/VAR0013.jpg
270,PASSPORT9/HBH0898A.jpg
272,hanan17/Phb0653.jpg
273,HANAN009/PHB0824.jpg
274,LIBERATION/Sha6515.jpg
275,HANANAD2/HBH0176.jpg
276,HANAN01/Pph0448.jpg
277,ZIK/0028.jpg
278,LIBERATION/Sha6311.jpg
279,PASSPORT5/HBH0602.jpg
280,PASSPORT5/HBH0601A.jpg
281,HANANAD4/HBH0468.jpg
282,PURIM1/PPV6100.jpg
283,PASSPORT12/HBH1098.jpg
284,may16/st001.jpg
285,HANAN21/PHB0503F.jpg
286,PASSPORT5/HBH0607.jpg
288,HANANAD1/HBH0041.jpg
289,HANAN005/Pph4779.jpg
290,HANANAD1/HBH0136.jpg
291,PASSPORT5/HBH0494A.jpg
292,HANAN09/Phb0741.jpg
293,abc53/rie2410.jpg
294,PASSPORT7/HBH0833C.jpg
295,HANAN022/PHB0163E.jpg
296,HANANAD1/HBH0092.jpg
297,HANAN009/PHB0713.jpg
298,shalhevet2/gen543.jpg
300,PASSPORT5/HBH0500.jpg
301,PASSPORT13/HBH1204.jpg
302,april14/sht0119.jpg
303,HANANAD4/HBH0401.jpg
304,MICHA6/PPM1813.jpg
305,PASSPORT11/HBH0966B.jpg
306,lipman2/PPW1472.jpg
307,HANAN0010/PHB1072.jpg
308,HANAN0022/PHB0015D.jpg
309,PASSPORT6/HBH0632.jpg
310,micha2/Ppm0227.jpg
311,HANAN009/PHB0811.jpg
312,HANANAD4/HBH0464.jpg
313,HANAN01/Pph0036.jpg
314,PASSPORT5/HBH0500.jpg
315,PASSPORT5/HBH0563.jpg
316,HANAN01/Pph0492.jpg
317,HANAN01/PPH0504.jpg
318,hanan2/Pph0508.jpg
320,VERTHEIM0111/PVE1002.jpg
321,HANANAD1/HBH0034.jpg
322,PASSPORT7/HBH0830A.jpg
323,PASSPORT9/HBH0907C.jpg
324,hanan2/Rep0664.jpg
325,HANAN022/PHB0259E.jpg
326,hanan16/Pph5593.jpg
327,HANANAD1/HBH0078.jpg
328,HANAN021/PHB0314F.jpg
329,MICHA4/Ppm0117.jpg
330,VERTHEIM0111/PVE1064.jpg
331,LIPMAN008/PPW3721.jpg
332,hanan4/Pph5694.jpg
333,hanan4/Pph5694.jpg
334,HANANAD3/HBH0265.jpg
335,HANAN013/Phb0324.jpg
336,VERTHEIM00001/PVE0159.jpg
337,MICHA4/Ppm0114.jpg
338,HANANAD2/HBH0190.jpg
339,HANANAD2/HBH0206.jpg
340,LIPMAN0002/PPW1072.jpg
341,HANANAD4/HBH0390.jpg
342,HANANAD1/HBH0058.jpg
343,HANAN0013/Phb0126B.jpg
344,hanan4/Pph5851.jpg
345,HANANAD4/HBH0432.jpg
346,HANANAD4/HBH0459.jpg
347,LIPMAN03/PPW0014.jpg
348,HANANAD3/HBH0382.jpg
350,ZIK/0034.jpg
351,hanan4/Pph5851.jpg
352,hanan4/Pph5851.jpg
353,LIPMAN09/PPW0379B.jpg
354,PASSPORT13/HBH1148.jpg
355,HANANAD4/HBH0413.jpg
356,PASSPORT5/HBH0565.jpg
357,micha2/Ppm0146.jpg
359,PASSPORT9/HBH0897.jpg
360,PASSPORT12/HBH1096.jpg
361,HANANAD4/HBH0453.jpg
362,HANAN02/Pph0138.jpg
363,gbwalk2006/sir838.jpg
364,PASSPORT7/HBH0828.jpg
365,HANANAD1/HBH0017.jpg
366,HANANAD2/HBH0248.jpg
367,PASSPORT5/HBH0490B.jpg
368,HANANAD1/HBH0003.jpg
369,HANAN0022/PHB0280D.jpg
370,PASSPORT6/HBH0618.jpg
371,lipman43/PPW11616.jpg
372,HANANAD3/HBH0351.jpg
374,hanan17/Phb0601.jpg
375,PASSPORT5/HBH0596.jpg
376,PASSPORT12/HBH1108.jpg
377,LIPMAN0002/PPW1017.jpg
378,hanan17/Phb0675.jpg
379,HANAN21/PHB0592F.jpg
380,HASH10/HASH0133.jpg
381,HANAN0015/PHB2331.jpg
382,micha3/PPM0344.jpg
383,LIPMAN35/PPW11581.jpg
384,VERTHEIM001/PVE0579.jpg
385,HANAN09/Phb0871.jpg
386,hanan7/Pph9856.jpg
387,hanan7/Pph9931.jpg
388,HANAN008/Pph9037.jpg
389,HASHLAMOT/HAS0009.jpg
390,LIPMAN011/PPW0582.jpg
391,PASSPORT6/HBH0629.jpg
392,HANAN021/PHB0385F.jpg
393,LIPMAN06/PPW2693.jpg
394,shalhevet2/gen546.jpg
395,HANAN022/PHB0172E.jpg
397,HANAN015/PHB2636.jpg
398,HANANAD2/HBH0142.jpg
400,hanan11/Phb0384.jpg
401,HANANAD4/HBH0434A.jpg
402,PASSPORT6/HBH0668.jpg
403,HANAN0013/Phb0161.jpg
404,NANAN00013/Phb0030.jpg
405,NANAN00013/Phb0064.jpg
406,HANAN012/Phb1508.jpg
407,VERTHEIM001/PVE0579.jpg
408,PASSPORT10/HBH0936A.jpg
409,HANANAD2/HBH0208.jpg
410,PURIM1/SPU6321.jpg
411,PASSPORT6/HBH0786A.jpg
412,HANAN009/PHB0695.jpg
413,HANANAD4/HBH0404.jpg
414,PASSPORT6/HBH0630A.jpg
416,HANANAD3/HBH0318.jpg
418,HANANAD3/HBH0367.jpg
419,HANANAD4/HBH0430.jpg
420,HANANAD4/HBH0412.jpg
421,PASSPORT9/HBH0906A.jpg
422,HANANAD2/HBH0144.jpg
423,sep2007/vit218.jpg
424,dec15/PPW003245.jpg
426,HANAN00012/Pph2884.jpg
427,HANANAD3/HBH0322.jpg
428,HANANAD3/HBH0385.jpg
429,nos1/nos006.jpg
430,PASSPORT13/HBH1132.jpg
431,HANANAD4/HBH0408.jpg
432,HANANAD4/HBH0457.jpg
434,HANAN0022/PHB0026D.jpg
435,HANANAD2/HBH0222.jpg
436,PASSPORT10/HBH0935B.jpg
437,apr07/yizid1237.jpg
438,PASSPORT7/HBH0837C.jpg
439,ZIK/0017.jpg
440,HANANAD3/HBH0355.jpg
441,HANANAD1/HBH0026.jpg
442,passover/SPE6507.jpg
443,HANANAD4/HBH0468B.jpg
444,HANANAD4/HBH0458B.jpg
445,LIBERATION/SHA6715.jpg
446,PASSPORT13/HBH1167.jpg
447,HANANAD1/HBH0061.jpg
448,PASSPORT5/HBH0604A.jpg
449,LIPMAN007/PPW3037.jpg
451,PASSPORT12/HBH1076.jpg
452,PASSPORT7/HBH0826A.jpg
453,BARMITZVA2/Shp0005.jpg
454,PASSPORT13/HBH1214.jpg
455,PASSPORT5/HBH0495.jpg
456,PASSPORT13/HBH1129.jpg
457,hash101/PUN0003.jpg
458,lipman8/PPW3876.jpg
460,HANAN022/PHB0248E.jpg
461,HANAN022/PHB0239E.jpg
462,hash114/natan0002.jpg
463,VERTHEIM3/VER0088.jpg
464,PASSPORT7/HBH0832.jpg
465,HANANAD2/HBH0157.jpg
467,PASSPORT10/HBH0923B.jpg
468,LIPMAN05/PPW2388.jpg
469,VARDON/VAR0010.jpg
470,margotsade/Pms0003.jpg
471,PASSPORT6/HBH0679.jpg
472,VERTHEIM00001/PVE0437.jpg
473,HANAN00012/Pph2532.jpg
474,HANANAD1/HBH0049.jpg
475,july2008/P6280296.jpg
476,hanan17/Phb0642.jpg
477,LIPMAN14/PPW0050C.jpg
478,PASSPORT12/HBH1099.jpg
479,VARDON/VAR0026.jpg
480,HANAN0010/PHB1111.jpg
481,HANANAD1/HBH0103.jpg
484,aug07/bar956.jpg
485,HANAN00015/PHB2259.jpg
486,HANANAD2/HBH0217.jpg
487,dec2009/gen3886.jpg
489,au12/gen2102.jpg
490,HANAN022/PHB0130E.jpg
491,HANAN022/PHB0232E.jpg
492,hanan10/PHB4952.jpg
493,hanan6/Pph5374.jpg
495,VERTHEIM0002/VER2914.jpg
496,PASSPORT11/HBH0984B.jpg
497,HANAN015/PHB2603.jpg
498,aug07/bar950.jpg
500,hanan6/Pph5254.jpg
501,VERTHEIM33/VER0286.jpg
502,HANANAD1/HBH0010.jpg
503,PASSPORT11/HBH0976A.jpg
504,HANANAD4/HBH0459A.jpg
505,HANANAD1/HBH0069.jpg
509,HANAN015/PHB2649.jpg
510,hash13/hash112/yoa003.jpg
511,jan2006/mor232.jpg
512,LIPMAN012/PPW1097A.jpg
513,lipman36/PPW11876.jpg
516,HANANAD1/HBH0035.jpg
517,micha1/Ppm0093.jpg
518,micha1/Ppm0051.jpg
519,HANAN009/PHB0818.jpg
521,jun06/vol405.jpg
523,LIPMAN0002/PPW1018.jpg
524,lipman01/PPW0500.jpg
525,LIPMAM002/PPW1261.jpg
526,HANAN00010/PHB1109.jpg
528,shalhevet2/gen527.jpg
529,HANAN00010/Phb1275.jpg
530,VERTHEIM0222/VER4724.jpg
531,juni2013/rim00212.jpg
532,
533,hanan6/Pph5511.jpg
534,HANAN01010/PHB1066.jpg
535,lipman5/PPW2360.jpg
537,HANAN08/Pph8576.jpg
538,PASSPORT12/HBH1023.jpg
539,HANAN022/PHB0137E.jpg
540,hanan10/Phb1404.jpg
542,hanan10/PHB5626.jpg
543,HANAN021/PHB0347F.jpg
544,hanan10/PHB5626.jpg
545,hanan10/PHB5626.jpg
547,october13/ram203.jpg
548,VERTHEIM1/PVE1265.jpg
549,HANAN01010/PHB1048.jpg
550,HANAN021/PHB0379F.jpg
552,jun05/sir884.jpg
553,LIPMAN012/PPW1165.jpg
554,hanan14/Phb1900.jpg
555,HANAN01010/PHB1092.jpg
556,LIPMAM002/PPW1260.jpg
557,HANAN01010/PHB1098.jpg
558,hash500/van103.jpg
559,VARDON/VAR0013.jpg
560,shalhevet2/gen583.jpg
562,hash101/PUN0098.jpg
564,HANAN03/Pph3114.jpg
566,HANAN01010/PHB1189.jpg
567,HANAN01010/PHB1198.jpg
568,hash200/SHA8111.jpg
569,lipman0001/PPW0759.jpg
570,HANAN09/PHB0715.jpg
571,HANAN09/PHB0696.jpg
572,VERTHEIM0001/PVE0413.jpg
573,HANAN021/PHB0356F.jpg
574,lipman7/PPW3267.jpg
575,HANAN09/PHB0709.jpg
576,lipman0001/PPW0856.jpg
577,DRAMA/Shh0011B.jpg
578,HANAN09/PHB0721.jpg
579,VERTHEIM00001/PVE0251.jpg
580,au12/gen2102.jpg
581,HANAN021/PHB0333F.jpg
582,zak3/zak0209.jpg
583,hanan6/Pph5511.jpg
584,ZIK/0019.jpg
585,hanan9/PHB0745.jpg
586,HANAN09/PHB0760.jpg
587,april2003/kot011.jpg
588,april2003/kot006.jpg
589,HANAN09/PHB0823.jpg
591,VERTHEIM333/VER0364.jpg
592,HANAN01/Pph0002.jpg
594,HANAN01/Pph0002.jpg
595,VERTHEIM0111/PVE1069.jpg
596,jan16/gen5443.jpg
597,MICHA6/Ppm0067B.jpg
598,LIPMAN0008/PPW3593.jpg
599,lipman8/PPW9945.jpg
600,LIPMAN04/PPW1992.jpg
601,HANANAD3/HBH0331.jpg
602,PASSPORT13/HBH1168.jpg
603,PASSPORT13/HBH1158.jpg
604,micha1/Ppm0052.jpg
605,BARMITZVA/Shb0025.jpg
606,july15/gen403444.jpg
607,PASSPORT5/HBH0606A.jpg
608,HANANAD4/HBH0438A.jpg
609,micha2/Ppm0210.jpg
610,MICHA5/PPM0434.jpg
613,MICHA6/Ppm0010B.jpg
614,HANANAD4/HBH0462A.jpg
615,VERTHEIM0111/PVE1013.jpg
616,PASSPORT6/HBH0638.jpg
617,HANANAD1/HBH0007.jpg
618,HANANAD3/HBH0263.jpg
619,HANAN01010/PHB1150.jpg
623,HANAN021/PHB0315F.jpg
624,hanan17/Phb0654.jpg
625,VERTHEIM002/VER3107.jpg
626,HANANAD3/HBH0383.jpg
627,LIBERATION/Sha6502.jpg
628,nos1/yarko001.jpg
629,VERTHEIM022/VER4408.jpg
630,PASSPORT5/HBH0561.jpg
631,HANANAD2/HBH0224.jpg
632,HANAN005/Pph4778.jpg
633,oct2009/gen5047.jpg
634,VERTHEIM02222/VER5318.jpg
636,HANAN09/PHB0792.jpg
637,HANANAD4/HBH0389.jpg
638,PASSPORT6/HBH0785A.jpg
639,PASSPORT5/HBH0559.jpg
640,PASSPORT7/HBH0831.jpg
641,VERTHEIM002/VER3428.jpg
642,PASSPORT12/HBH1110.jpg
643,VERTHEIM0111/PVE1002.jpg
644,LIBERATION/SHA6817.jpg
645,Passport8/HBH0874B.jpg
646,HANAN022/PHB0205E.jpg
647,HANANAD1/HBH0081.jpg
648,HANAN15/PHB2134.jpg
649,HANANAD3/HBH0317.jpg
650,HANANAD3/HBH0272.jpg
651,HANAN00015/PHB2236.jpg
652,LIPMAN008/PPW3605.jpg
653,HANAN21/PHB0562F.jpg
654,HANAN014/Phb1806.jpg
655,HANANAD2/HBH0223.jpg
656,HANAN0013/Phb0117.jpg
657,VERTHEIM222/VER6410.jpg
658,nov2013/yir106.jpg
659,
660,HANANAD4/HBH0410.jpg
661,VERTHEIM222/VER6435.jpg
662,HANANAD2/HBH0168.jpg
663,VERTHEIM333/VER0368.jpg
664,HANANAD2/HBH0251.jpg
665,
667,lipman3/PPW0213.jpg
668,HANANAD3/HBH0303.jpg
669,HANAN015/PHB2384.jpg
670,HANAN21/PHB0548F.jpg
671,hanan12/Phb1719.jpg
672,aug2003/gbu102.jpg
673,HANANAD3/HBH0268.jpg
674,HANAN015/PHB2645.jpg
675,HANANAD4/HBH0460A.jpg
676,HANAN08/Pph8427.jpg
677,PASSPORT5/HBH0592.jpg
678,PASSPORT6/HBH0782A.jpg
679,PASSPORT12/HBH1072.jpg
680,PASSPORT12/HBH1004.jpg
681,gbwalk2006/sir822.jpg
682,LIPMAN05/PPW2496.jpg
685,hanan14/Phb1940.jpg
686,
687,HANAN04/Pph5640.jpg
688,hanan/Pph2509.jpg
689,
690,HANAN021/PHB0327F.jpg
691,HANAN021/PHB0305F.jpg
692,HANAN00011/Pph2075.jpg
693,hash114/natan0002.jpg
694,HANANAD4/HBH0467.jpg
697,HANANAD1/HBH0105.jpg
698,HANAN021/PHB0321F.jpg
699,PURIM1/SPU6507.jpg
701,HANAN0022/PHB0090D.jpg
702,HANAN21/PHB0476F.jpg
703,micha2/Ppm0186.jpg
704,HANAN00012/Pph2864.jpg
705,PASSPORT10/HBH0917.jpg
707,HANAN21/PHB0452F.jpg
708,VERTHEIM01111/PVE1133.jpg
712,VERTHEIM0222/VER4808.jpg
713,ap14/sir3516.jpg
714,VERTHEIM0222/VER4811.jpg
717,hanan13/Phb0515.jpg
718,VERTHEIM011/PVE0933.jpg
719,VERTHEIM022/VER4229.jpg
720,HANAN022/PHB0143E.jpg
722,dec2009/gen3886.jpg
724,HANAN00011/Pph2095.jpg
725,HANAN00011/Pph2098.jpg
727,MICHA5/PPM0443.jpg
728,hanan17/Phb0571.jpg
729,hanan17/Phb0651.jpg
730,HANAN021/PHB0337F.jpg
731,hash101/PUN0043.jpg
732,au12/gen2102.jpg
733,VERTHEIM00002/VER2209.jpg
734,HANANAD1/HBH0025.jpg
735,HANANAD2/HBH0235.jpg
736,PASSPORT9/HBH0895A.jpg
737,HANANAD3/HBH0316.jpg
739,nov07/spe19.jpg
740,PASSPORT6/HBH0613.jpg
741,HANANAD4/HBH0463.jpg
742,PASSPORT7/HBH0849.jpg
743,hanan13/Phb0431.jpg
745,HANANAD1/HBH0134.jpg
746,hanan16/Pph5528.jpg
747,PASSPORT7/HBH0830C.jpg
748,lipman40/PPW1752.jpg
749,PASSPORT5/HBH0565A.jpg
750,HANANAD3/HBH0298.jpg
751,dece09/pal123.jpg
753,lipman4/PPW2094.jpg
754,NANAN00013/Phb0058.jpg
755,PASSPORT7/HBH0834A.jpg
756,PASSPORT5/HBH0604.jpg
757,LIPMAN007/PPW2915.jpg
758,Passport8/HBH0877B.jpg
759,LIPMAN0012/PPW0950A.jpg
760,hash13/hash112/yoa003.jpg
761,PASSPORT9/HBH0887.jpg
762,HANANAD1/HBH0014.jpg
763,PASSPORT5/HBH0584A.jpg
764,Passport8/HBH0871.jpg
765,PASSPORT5/HBH0560.jpg
766,apr07/yizgu1240.jpg
767,LIPMAM002/PPW1201.jpg
768,PASSPORT12/HBH1005.jpg
769,HANANAD2/HBH0182.jpg
770,HANANAD4/HBH0411.jpg
771,PASSPORT13/HBH1126.jpg
772,PASSPORT13/HBH1150.jpg
773,apr16/gen201610.jpg
774,may16/gen20161.jpg
775,abc10/50555.jpg
776,HASHLAMOT/HAS0018.jpg
777,hanan17/Phb0634.jpg
778,HANANAD1/HBH0044.jpg
780,ZIK/0026.jpg
781,HANANAD3/HBH0385.jpg
782,HANANAD2/HBH0243.jpg
783,VERTHEIM0111/PVE1104A.jpg
784,apr07/yiz1239.jpg
785,HANANAD4/HBH0403.jpg
786,PASSPORT10/HBH0943A.jpg
787,HANANAD4/HBH0445A.jpg
788,LIPMAN012/PPW1053.jpg
789,VERTHEIM1/PVE1304A.jpg
790,BARMITZVA/Shh8122.jpg
791,LIPMAN0012/PPW0932A.jpg
792,VERTHEIM333/VER0365.jpg
793,HANAN022/PHB0218E.jpg
794,micha2/Ppm0254.jpg
795,PASSPORT11/HBH0974A.jpg
796,HANANAD3/HBH0281.jpg
797,VERTHEIM00001/PVE0243.jpg
798,PASSPORT6/HBH0650A.jpg
799,PASSPORT13/HBH1122.jpg
800,PASSPORT9/HBH0890B.jpg
801,HANAN00012/Pph2887.jpg
802,PASSPORT13/HBH1151.jpg
803,HANAN00012/Pph2906.jpg
804,MICHA6/Ppm0088B.jpg
805,hanan17/Phb0610.jpg
806,HANAN0012/Phb1473.jpg
807,hanan17/Phb0621.jpg
808,au12/gen2102.jpg
809,HANANAD4/HBH0434B.jpg
810,VERTHEIM333/VER0405.jpg
811,PASSPORT6/HBH0650.jpg
813,HANANAD1/HBH0079.jpg
814,HANANAD2/HBH0195.jpg
815,HANANAD3/HBH0305.jpg
817,hanan12/Phb1709.jpg
819,HANAN022/PHB0245E.jpg
821,PASSPORT12/HBH1094.jpg
822,
824,passover/SPE6601.jpg
825,mar14/gen7801.jpg
826,PASSPORT12/HBH1056.jpg
828,
829,hanan17/Phb0615.jpg
830,VERTHEIM011/PVE0795.jpg
831,LIBERATION/Sha6317.jpg
832,VERTHEIM001/PVE0579.jpg
833,HANANAD3/HBH0372.jpg
834,VERTHEIM0111/PVE1018.jpg
835,PASSPORT6/HBH0646A.jpg
836,HANAN0022/PHB0282D.jpg
837,LIBERATION/SHA6710.jpg
838,PASSPORT6/HBH0780B.jpg
839,aug07/bar950.jpg
840,hanan17/Phb0607.jpg
841,hanan17/Phb0612.jpg
842,hash9/DORMAN/DOR0002.jpg
843,VERTHEIM00002/VER2617.jpg
845,april2015/gen7613.jpg
847,hanan17/Phb0664.jpg
848,hanan6/Pph5511.jpg
849,aug07/bar952.jpg
850,hanan17/Phb0677.jpg
851,au12/gen2102.jpg
852,PURIM2/PPV0021.jpg
853,feb2004/sch101.jpg
854,LIPMAN08/PPW3836.jpg
855,HANAN0013/Phb0167.jpg
856,ZIK/0022.jpg
857,PASSPORT7/HBH0811A.jpg
858,aug07/bar966.jpg
859,VERTHEIM00001/PVE0163.jpg
860,VERTHEIM022/VER4318.jpg
862,NANAN00013/Phb0047.jpg
863,aug07/bar950.jpg
865,hanan6/Pph5511.jpg
866,Passport8/HBH0871A.jpg
867,aug07/bar959.jpg
868,VERTHEIM0001/PVE0376.jpg
869,hanan17/Phb0559.jpg
870,sep09/gen638.jpg
872,VERTHEIM0001/PVE0390.jpg
873,LIPMAN007/PPW2916.jpg
875,hanan4/Pph5638.jpg
876,PASSPORT11/HBH0962C.jpg
880,HANAN0022/PHB0277D.jpg
881,MICHA6/Ppm0069B.jpg
882,HANAN0022/PHB0279D.jpg
883,HANANAD2/HBH0205.jpg
884,LIPMAN005/PPW2239.jpg
887,ZAX/ZAX0020.jpg
888,VERTHEIM02/VER3516.jpg
889,HANANAD3/HBH0280.jpg
890,VERTHEIM01111/PVE1115.jpg
891,VERTHEIM01111/PVE1115.jpg
892,VERTHEIM01111/PVE1117.jpg
893,HANAN0013/Phb0101.jpg
894,VERTHEIM1/PVE1256.jpg
895,VERTHEIM1/PVE1264.jpg
897,hash114/natan0002.jpg
898,VERTHEIM02222/VER5321.jpg
899,VERTHEIM00002/VER2409.jpg
900,VERTHEIM00002/VER2402.jpg
901,HANAN021/PHB0304F.jpg
902,HANANAD2/HBH0183.jpg
904,HANAN04/Pph5646.jpg
905,HANAN21/PHB0589F.jpg
906,HANANAD4/HBH0435.jpg
908,Passport8/HBH0866A.jpg
909,VERTHEIM02/VER3515.jpg
910,HANAN003/Pph3171.jpg
911,VERTHEIM0111/PVE1080.jpg
912,hash114/natan0002.jpg
913,VERTHEIM3/VER0091.jpg
914,HANANAD2/HBH0220.jpg
915,VERTHEIM2/VER6605.jpg
916,VERTHEIM0002/VER2800.jpg
917,HASH10/HASH0133.jpg
918,apr07/yizac1238.jpg
919,DORMAN/bra0018.jpg
920,PASSPORT13/HBH1193.jpg
921,HANANAD1/HBH0028.jpg
922,
923,PASSPORT11/HBH0947C.jpg
924,HANANAD4/HBH0465.jpg
925,HANAN09/PHB0819.jpg
926,HANAN21/PHB0557F.jpg
928,Passport8/HBH0866.jpg
929,lipman3/PPW0329.jpg
930,HANAN021/PHB0445F.jpg
931,PASSPORT9/HBH0881C.jpg
933,HANANAD3/HBH0344.jpg
934,LIPMAN07/PPW3172.jpg
935,PASSPORT13/HBH1197.jpg
936,LIPMAN05/PPW2496.jpg
937,micha1/Ppm0090.jpg
938,LIPMAN007/PPW3043.jpg
939,lipman6/PPW2891.jpg
940,lipman5/PPW2625.jpg
941,micha1/Ppm0054.jpg
942,micha1/Ppm0054.jpg
943,micha2/Ppm0193.jpg
944,LIBERATION/SHA6727.jpg
945,BARMITZVA/Sha0054.jpg
946,LIBERATION/Sha6313.jpg
948,may08/gil101.jpg
949,LIPMAN06/PPW2717.jpg
950,micha1/Ppm0074.jpg
951,HANANAD1/HBH0015.jpg
952,MICHA5/PPM0434.jpg
953,micha1/Ppm0087.jpg
954,lipman8/PPW3920.jpg
955,HANANAD4/HBH0431.jpg
956,LIPMAN0012/PPW0996.jpg
957,micha1/Ppm0090.jpg
958,GBBIRTHDAYS/Shh0022.jpg
959,nov15/mic2005.jpg
960,PASSPORT10/HBH0000.jpg
961,micha1/Ppm0104.jpg
962,LIPMAN14/PPW0076C.jpg
963,micha2/Ppm0130.jpg
964,micha2/Ppm0153.jpg
965,lipman3/PPW0476.jpg
966,lipman6/PPW2780.jpg
967,lipman7/PPW3329.jpg
968,BARMITZVA/Shb0008.jpg
969,jan2009/gen504.jpg
970,hash200/SHA7506.jpg
971,PASSPORT5/HBH0567.jpg
972,PASSPORT6/HBH0801.jpg
973,VERTHEIM1/PVE1251A.jpg
974,HANANAD3/HBH0258.jpg
976,micha2/Ppm0172.jpg
977,dec13/piz103.jpg
978,micha2/Ppm0179.jpg
979,micha2/Ppm0178.jpg
981,HANAN022/PHB0247E.jpg
982,micha2/Ppm0183.jpg
983,HANAN021/PHB0306F.jpg
984,lipman001/PPW0718.jpg
985,PASSPORT6/HBH0660.jpg
986,MICHA6/Ppm0007B.jpg
987,micha2/Ppm0192.jpg
988,micha2/Ppm0196.jpg
989,hash102/PUN0158.jpg
990,micha2/Ppm0244.jpg
991,lipman6/PPW2888.jpg
992,lipman12/PWL1390.jpg
993,lipman3/PPW0421.jpg
994,micha1/Ppm0102.jpg
995,micha2/Ppm0217.jpg
996,hash102/PUN0161.jpg
997,july2008/P6280345.jpg
998,HANANAD4/HBH0392.jpg
999,LIBERATION/SHA6712.jpg
1000,LIPMAN32/PPW11469.jpg
1001,micha2/Ppm0263.jpg
1003,LIPMAN08/PPW3762.jpg
1004,LIPMAN08/PPW3779.jpg
1005,may16/ms001.jpg
1006,hash102/PUN0161.jpg
1007,MICHA5/PPM0423.jpg
1008,LIPMAN0004/PPW1662.jpg
1009,LIPMAN35/PPW11580.jpg
1010,passover/SPE6615.jpg
1011,givon1/giv0055.jpg
1012,HANAN007/Pph9563.jpg
1013,LIPMAN05/PPW2399.jpg
1014,LIPMAN0004/PPW1644.jpg
1015,april2014/gen7811.jpg
1016,LIPMAN0004/PPW1676.jpg
1017,LIPMAN0004/PPW1678.jpg
1018,lipman11/PPW0884.jpg
1019,lipman38/PPW11836.jpg
1021,micha3/PPM0368.jpg
1022,MICHA6/Ppm0070B.jpg
1023,LIPMAN04/PPW1943.jpg
1024,micha3/PPM0388.jpg
1025,LIPMAN30/PLW1405.jpg
1026,micha3/PPM0388.jpg
1027,LIPMAN05/PPW2402.jpg
1028,lipman2/PPW1487.jpg
1029,mar2010/sch371.jpg
1030,lipman39/PPW11794.jpg
1031,MICHA6/Ppm0026B.jpg
1032,LIPMAN005/PPW2286.jpg
1033,lipman12/PWL1279.jpg
1034,dec13/piz103.jpg
1035,PURIM2/SPU6734.jpg
1036,LIPMAN15/PPW0191C.jpg
1037,LIPMAN005/PPW2535.jpg
1038,HANANAD3/HBH0277.jpg
1039,HANANAD4/HBH0438B.jpg
1040,lipman001/PPW0670.jpg
1041,hash102/PUN0213.jpg
1042,LIPMAN08/PPW3851.jpg
1043,VERTHEIM333/VER0403.jpg
1044,HANAN014/Phb1848.jpg
1045,apr16/gen201604.jpg
1046,april14/sht0128.jpg
1047,lipman4/PPW2190.jpg
1048,MICHA5/PPM0422.jpg
1049,LIPMAN012/PPW1090A.jpg
1050,apr07/yiz1241.jpg
1051,MICHA5/PPM0438.jpg
1052,MICHA5/PPM0439.jpg
1053,LIPMAN0012/PPW0980A.jpg
1054,MICHA5/PPM0445.jpg
1055,DRAMA/Shh0019B.jpg
1056,LIPMAN004/PPW1790.jpg
1057,MICHA5/PPM4312.jpg
1058,hanan9/PHB0838.jpg
1059,HANAN09/Phb0834.jpg
1060,sep2015/gal1004.jpg
1061,MICHA5/PPM4275.jpg
1062,PASSPORT5/HBH0554A.jpg
1064,PASSPORT11/HBH0976.jpg
1065,jan2006/yar127.jpg
1066,PASSPORT7/HBH0821.jpg
1067,HANANAD1/HBH0138.jpg
1068,PASSPORT7/HBH0826.jpg
1069,HANAN021/PHB0386F.jpg
1070,HANANAD3/HBH0378.jpg
1071,HANANAD3/HBH0378.jpg
1072,HANANAD4/HBH0433.jpg
1073,HANANAD4/HBH0394.jpg
1074,apr16/gen201601.jpg
1075,lipman7/PPW3267.jpg
1076,LIPMAN09/PPW0068B.jpg
1077,HANANAD4/HBH0422A.jpg
1078,ZIK/0016.jpg
1079,PASSPORT10/HBH0937.jpg
1080,PASSPORT5/HBH0486.jpg
1081,lipman3/PPW0350.jpg
1082,HANAN0022/PHB0078D.jpg
1083,PASSPORT7/HBH0842B.jpg
1084,PASSPORT12/HBH1063.jpg
1085,hanan6/Pph5511.jpg
1086,lipman0001/PPW0859.jpg
1087,hanan9/PHB0782.jpg
1088,VERTHEIM002/VER2937.jpg
1090,HANAN09/PHB0793.jpg
1091,HANAN09/Phb0807.jpg
1092,lipman7/PPW3267.jpg
1093,HANAN09/PHB0815.jpg
1094,HANAN021/PHB0375F.jpg
1095,VERTHEIM0001/PVE0337.jpg
1096,HANAN09/Phb0830.jpg
1097,LIPMAN02/PPW1353.jpg
1098,apr011/gol3474.jpg
1099,HANAN0022/PHB0101D.jpg
1100,hanan5/Pph4747.jpg
1102,GBBIRTHDAYS/Shh0001.jpg
1103,HANAN014/Phb1764.jpg
1104,HANAN014/Phb1791.jpg
1106,PASSPORT5/HBH0562.jpg
1108,LIPMAN007/PPW3050.jpg
1109,lipman41/PPW11680.jpg
1110,HANAN006/Pph5407.jpg
1111,VARDON/VAR0013.jpg
1113,aug07/bar947.jpg
1114,july15/gen413444.jpg
1115,MICHA5/PPM4373.jpg
1116,LIPMAN0004/PPW1713.jpg
1117,lipman10/PPW0253.jpg
1118,lipman7/PPW3373.jpg
1119,lipman7/PPW3373.jpg
1120,
1121,PASSPORT7/HBH0822.jpg
1123,PASSPORT7/HBH0807A.jpg
1124,ZIK/0010.jpg
1125,lipman0001/PPW0749.jpg
1126,lipman0001/PPW0749.jpg
1127,LIPMAN005/PPW2276.jpg
1128,lipman12/PWL1326.jpg
1129,LIPMAN02/PPW1334.jpg
1130,GBBIRTHDAYS/Shh6911.jpg
1131,new2/gen7800.jpg
1132,LIPMAN05/PPW2398.jpg
1133,VERTHEIM02222/VER5400.jpg
1135,mar13/gen3005.jpg
1136,ZIK/0032.jpg
1137,lipman0001/PPW0766.jpg
1138,october13/bor223.jpg
1139,LIPMAN0004/PPW1687.jpg
1140,lipman01/PPW0576.jpg
1141,LIPMAN010/PPW0197.jpg
1142,lipman001/PPW0646.jpg
1143,LIPMAN005/PPW2320.jpg
1144,LIPMAN011/PPW0586.jpg
1145,LIPMAN09/PPW0248B.jpg
1146,LIBERATION/SHA6753.jpg
1147,LIPMAN13/PPW0584B.jpg
1148,lipman4/PPW2100.jpg
1149,LIPMAN0011/PPW0438.jpg
1150,LIPMAN013/PPW0824B.jpg
1151,lipman8/PPW3882.jpg
1152,LIPMAN13/PPW0589B.jpg
1153,lipman1/PPW0923.jpg
1154,LIPMAN0012/PPW0920A.jpg
1155,LIPMAN012/PPW1142A.jpg
1156,LIPMAN07/PPW3125.jpg
1157,LIPMAN012/PPW1154.jpg
1158,LIPMAN012/PPW1135.jpg
1159,lipman0001/PPW0792.jpg
1160,mar13/gen3005.jpg
1161,LIPMAN013/PPW0878B.jpg
1163,LIPMAN012/PPW1151A.jpg
1164,LIPMAN010/PPW0239.jpg
1165,LIPMAN012/PPW1129.jpg
1166,LIPMAN007/PPW3036.jpg
1167,lipman0001/PPW0800.jpg
1168,lipman6/PPW2836.jpg
1169,LIPMAN13/PPW0581B.jpg
1170,lipman0001/PPW0837.jpg
1171,LIPMAN0002/PPW1019.jpg
1172,hash13/hash112/yoa003.jpg
1173,BARMITZVA/Shb0025.jpg
1174,LIPMAN013/PPW0782B.jpg
1175,LIPMAN09/PPW0178B.jpg
1177,lipman0001/PPW0809.jpg
1178,LIPMAN0004/PPW1643.jpg
1179,LIPMAN011/PPW0600.jpg
1180,hash102/PUN0107.jpg
1181,lipman42/PPW11651.jpg
1182,LIPMAN012/PPW1063A.jpg
1183,LIPMAN013/PPW0842B.jpg
1184,LIPMAN008/PPW3715.jpg
1186,apr06/sir715.jpg
1187,LIPMAN04/PPW1999.jpg
1188,LIPMAN06/PPW2690.jpg
1189,juni2013/rim00212.jpg
1190,lipman3/PPW0297.jpg
1191,HASHLAMOT3/VIT0015.jpg
1192,PURIM2/PED7802.jpg
1193,lipman41/PPW11692.jpg
1194,LIPMAN007/PPW3003.jpg
1195,LIPMAN13/PPW0608B.jpg
1196,lipman001/PPW0740.jpg
1197,LIPMAN010/PPW0078.jpg
1198,LIPMAN02/PPW1406.jpg
1199,LIPMAN03/PPW0026.jpg
1200,lipman01/PPW0592.jpg
1201,lipman6/PPW2881.jpg
1202,lipman0001/PPW0842.jpg
1203,LIPMAN004/PPW1788.jpg
1204,LIPMAN05/PPW2395.jpg
1205,LIPMAN08/PPW3794.jpg
1206,LIPMAN04/PPW1897.jpg
1208,lipman4/PPW2061.jpg
1209,HANANAD1/HBH0085.jpg
1210,HANANAD1/HBH0023.jpg
1211,PASSPORT5/HBH0494B.jpg
1212,
1213,LIPMAN08/PPW3740.jpg
1214,LIPMAN08/PPW3740.jpg
1215,lipman3/PPW0345.jpg
1216,HANANAD2/HBH0203.jpg
1217,LIPMAN0002/PPW1094.jpg
1218,lipman0001/PPW0851.jpg
1219,LIPMAN004/PPW1783.jpg
1220,lipman6/PPW2910.jpg
1221,oct2003/van305.jpg
1223,PASSPORT10/HBH0944B.jpg
1224,LIPMAN007/PPW2945.jpg
1225,LIPMAN004/PPW1880.jpg
1226,LIPMAN0008/PPW3551.jpg
1227,lipman0001/PPW0867.jpg
1228,aug07/bar947.jpg
1229,LIPMAN007/PPW3033.jpg
1230,mar2010/sch371.jpg
1231,LIPMAN007/PPW3063.jpg
1232,LIPMAN0004/PPW1674.jpg
1233,lipman11/PPW0777.jpg
1234,BARMITZVA/Shb0038.jpg
1235,lipman8/PPW3862.jpg
1236,ZIK/0008.jpg
1237,LIPMAN010/PPW0132.jpg
1238,LIPMAN13/PPW0642B.jpg
1239,LIPMAM002/PPW1262.jpg
1240,LIPMAN013/PPW0778B.jpg
1241,LIPMAN013/PPW0756B.jpg
1242,LIPMAM002/PPW1266.jpg
1243,lipman7/PPW3360.jpg
1244,LIPMAM002/PPW1246.jpg
1245,LIBERATION/SHA6728.jpg
1246,ZAX/ZAX0020.jpg
1247,MICHA6/Ppm1484F.jpg
1248,PASSPORT5/HBH0602A.jpg
1249,LIPMAN13/PPW0689B.jpg
1250,AVNER/GAV0012.jpg
1251,LIPMAN05/PPW2612.jpg
1252,LIPMAM002/PPW1216.jpg
1253,hash200/SHA7502.jpg
1254,feb07/bra133.jpg
1255,LIPMAN004/PPW1893.jpg
1256,LIPMAM002/PPW1213.jpg
1257,LIPMAM002/PPW1209.jpg
1258,LIPMAM002/PPW1212.jpg
1259,LIPMAM002/PPW1212.jpg
1260,LIPMAM002/PPW1212.jpg
1261,LIPMAN14/PPW0008C.jpg
1262,LIPMAN0011/PPW0402.jpg
1263,PURIM2/SPU6748.jpg
1264,LIPMAN31/PPW11462.jpg
1265,LIPMAM002/PPW1196.jpg
1266,LIPMAN0012/PPW0939A.jpg
1268,PASSPORT5/HBH0593A.jpg
1269,LIPMAM002/PPW1183.jpg
1270,LIPMAM002/PPW1178.jpg
1271,LIPMAM002/PPW1179.jpg
1272,hash200/SHA8200.jpg
1273,LIPMAM002/PPW1172.jpg
1274,sep13/liv129.jpg
1275,LIPMAN09/PPW0080B.jpg
1276,lipman42/PPW11633.jpg
1277,nov2010/sch4002.jpg
1278,LIPMAN07/PPW3094.jpg
1279,LIPMAN02/PPW1302.jpg
1280,VERTHEIM00001/PVE0033.jpg
1282,LIPMAN004/PPW1757.jpg
1283,LIPMAN04/PPW1925.jpg
1284,LIPMAN004/PPW1731.jpg
1285,sep2007/vit209.jpg
1286,LIPMAN06/PPW2726.jpg
1287,PASSPORT5/HBH0493B.jpg
1288,PASSPORT9/HBH0882.jpg
1289,HANANAD1/HBH0070.jpg
1290,LIPMAN007/PPW2954.jpg
1291,LIPMAN35/PPW11577.jpg
1292,LIPMAN02/PPW1316.jpg
1294,LIPMAN012/PPW1090A.jpg
1295,LIPMAN013/PPW0819B.jpg
1296,LIPMAN31/PPW11438.jpg
1298,LIPMAN35/PPW11582.jpg
1299,LIPMAN03/PPW0103.jpg
1300,LIPMAN33/PPW11518.jpg
1301,LIPMAN0008/PPW3526.jpg
1302,lipman42/PPW11631.jpg
1303,LIPMAN011/PPW0543.jpg
1304,DRAMA/Shh0010.jpg
1305,october2003/van516.jpg
1306,hanan9/PHB0850.jpg
1307,passover/SPE6621.jpg
1308,LIPMAN013/PPW0796B.jpg
1309,LIPMAN005/PPW2278.jpg
1310,LIPMAN08/PPW3848.jpg
1313,lipman4/PPW2100.jpg
1315,LIPMAN30/PPW11412.jpg
1316,hash13/hash112/yoa003.jpg
1317,LIPMAN05/PPW2616.jpg
1318,LIPMAN05/PPW2613.jpg
1319,apr06/sir744.jpg
1320,LIPMAN33/PPW11517.jpg
1321,LIPMAN33/PPW11519.jpg
1323,LIPMAN008/PPW3694.jpg
1324,feb007/bar112.jpg
1325,HANAN0022/PHB0300D.jpg
1326,HANANAD3/HBH0319.jpg
1327,VERTHEIM001/PVE0585.jpg
1328,LIPMAN31/PPW11457.jpg
1329,LIPMAN03/PPW0014.jpg
1330,LIPMAN02/PPW1447.jpg
1332,lipman1/PPW0976.jpg
1333,HANAN21/PHB0556F.jpg
1334,MICHA6/Ppm0006B.jpg
1335,LIPMAN35/PPW11574.jpg
1336,lipman2/PPW1483.jpg
1337,lipman3/PPW0248.jpg
1338,hash13/hash112/yoa003.jpg
1339,hash13/hash112/yoa003.jpg
1340,LIPMAN03/PPW0041.jpg
1341,lipman3/PPW0356.jpg
1342,MICHA6/Ppm0082B.jpg
1343,july2008/P6280226.jpg
1344,mar2010/sch371.jpg
1345,PURIM2/PED7800.jpg
1346,LIPMAN30/PPW11409.jpg
1347,HANANAD3/HBH0276.jpg
1348,
1349,PASSPORT12/HBH1057A.jpg
1350,HANANAD1/HBH0002.jpg
1351,PASSPORT5/HBH0600A.jpg
1352,HANANAD2/HBH0229.jpg
1353,PASSPORT7/HBH0833.jpg
1354,PASSPORT9/HBH0884B.jpg
1355,abc70/fis217.jpg
1356,PASSPORT6/HBH0683A.jpg
1357,LIPMAN07/PPW3082.jpg
1358,sep07/bar1009.jpg
1359,MICHA6/Ppm0102B.jpg
1360,Passport8/HBH0870A.jpg
1361,PURIM2/SPU6736.jpg
1362,LIPMAN0008/PPW3519.jpg
1363,HANAN21/PHB0724F.jpg
1364,LIPMAN008/PPW3721.jpg
1365,LIPMAN0004/PPW1675.jpg
1366,LIPMAN05/PPW2588.jpg
1367,LIPMAN005/PPW2230.jpg
1368,LIPMAN15/PPW0124C.jpg
1369,HASHLAMOT3/AVN0004.jpg
1370,LIPMAN012/PPW1114A.jpg
1371,lipman36/PPW11856.jpg
1372,BARMITZVA/Shh7821.jpg
1373,LIPMAN005/PPW2545.jpg
1374,lipman4/PPW2195.jpg
1375,LIPMAN03/PPW0122.jpg
1376,LIPMAN005/PPW2222.jpg
1377,PURIM2/SPU6702.jpg
1378,PASSPORT9/HBH0891B.jpg
1379,hash112/rud3.jpg
1380,LIPMAN005/PPW2267.jpg
1381,PASSPORT5/HBH0492.jpg
1382,lipman10/PPW0241.jpg
1383,nov2013/yir116.jpg
1384,lipman6/PPW2906.jpg
1385,LIPMAN0011/PPW0531.jpg
1386,LIPMAN03/PPW0168.jpg
1389,LIPMAN004/PPW1743.jpg
1390,LIPMAN09/PPW0240B.jpg
1391,LIPMAN09/PPW0352B.jpg
1392,LIPMAN33/PPW11516.jpg
1393,lipman6/PPW2836.jpg
1394,october13/bor220.jpg
1395,LIPMAN03/PPW0207.jpg
1396,GBBIRTHDAYS/Shh6914.jpg
1397,LIBERATION/SHA6710.jpg
1398,lipman3/PPW0480.jpg
1399,LIPMAN008/PPW3627.jpg
1400,hash101/PUN0065.jpg
1401,LIPMAN0002/PPW1024.jpg
1402,lipman2/PPW1526.jpg
1403,PURIM1/PPD7410.jpg
1405,lipman36/PPW11876.jpg
1406,LIPMAN0002/PPW1063.jpg
1407,LIPMAN0002/PPW1073.jpg
1408,HANAN006/Pph5407.jpg
1409,PURIM2/SPU6610.jpg
1410,LIPMAN007/PPW3023.jpg
1412,GBBIRTHDAYS/Shh6608.jpg
1413,hash101/PUN0065.jpg
1414,lipman8/PPW9958.jpg
1415,LIPMAN05/PPW2487.jpg
1416,lipman12/PWL1338.jpg
1417,LIPMAN013/PPW0797B.jpg
1418,LIPMAN08/PPW3756.jpg
1419,LIPMAN0002/PPW1114.jpg
1420,lipman1/PPW0948.jpg
1421,LIPMAN0002/PPW1115.jpg
1422,hash101/PUN0065.jpg
1423,juni2013/rim00212.jpg
1424,HANAN006/Pph5407.jpg
1425,ZAX/ZAX0009.jpg
1426,HANAN00012/Pph2851.jpg
1427,LIPMAN0004/PPW1620.jpg
1428,LIPMAN0004/PPW1622.jpg
1429,LIPMAN0004/PPW1622.jpg
1430,LIPMAN09/PPW0047B.jpg
1431,LIPMAN08/PPW3802.jpg
1432,lipman2/PPW1522.jpg
1433,LIPMAN012/PPW1064A.jpg
1434,LIPMAN010/PPW0187.jpg
1435,LIPMAN007/PPW3046.jpg
1436,lipman8/PPW9968.jpg
1437,lipman2/PPW1510.jpg
1438,LIPMAN0004/PPW1661.jpg
1439,LIPMAN0004/PPW1666.jpg
1440,hash102/PUN0161.jpg
1441,LIPMAN0004/PPW1672.jpg
1442,hash102/PUN0161.jpg
1443,LIPMAN0004/PPW1693.jpg
1444,LIPMAN08/PPW3763.jpg
1445,hash13/hash112/yoa003.jpg
1446,nos1/nos001.jpg
1447,mar15/hulikat111.jpg
1448,passover/SPE6630.jpg
1449,hash102/PUN0157.jpg
1450,LIPMAN0004/PPW1723.jpg
1451,lipman10/PPW0397.jpg
1452,LIPMAN0008/PPW3476.jpg
1453,LIPMAN30/PPW11437.jpg
1454,LIPMAN0008/PPW3479.jpg
1455,apr06/sir718.jpg
1456,LIPMAN0008/PPW3524.jpg
1457,LIPMAN0008/PPW3533.jpg
1458,LIPMAN07/PPW3153.jpg
1459,ZAX/ZAX0020.jpg
1460,LIPMAN15/PPW0148C.jpg
1461,lipman9/PPW0011.jpg
1462,dec13/piz103.jpg
1463,BARMITZVA2/Shz8310.jpg
1464,LIPMAN09/PPW0085B.jpg
1465,nov03/gor205.jpg
1466,sep12/eiz017.jpg
1467,PASSPORT5/HBH0530.jpg
1468,LIPMAN0008/PPW3551.jpg
1469,LIPMAN0008/PPW3578.jpg
1470,LIPMAN0008/PPW3578.jpg
1471,lipman42/PPW11630.jpg
1472,lipman36/PPW11876.jpg
1473,LIPMAN05/PPW2496.jpg
1474,hash13/hash112/yoa003.jpg
1475,LIPMAN0008/PPW3599.jpg
1476,LIPMAN0008/PPW3599.jpg
1477,abc75/09012.jpg
1478,lipman6/PPW2855.jpg
1479,LIPMAN004/PPW1854.jpg
1480,lipman001/PPW0631.jpg
1481,PASSPORT6/HBH0756.jpg
1482,LIPMAN008/PPW3701.jpg
1483,LIPMAN0002/PPW1120.jpg
1484,lipman38/PPW11832.jpg
1485,jan15/dror432.jpg
1486,LIPMAN008/PPW3636.jpg
1487,lipman001/PPW0651.jpg
1488,micha3/PPM0280.jpg
1489,lipman001/PPW0658.jpg
1490,LIPMAN013/PPW0840B.jpg
1491,LIPMAN09/PPW0377B.jpg
1492,LIBERATION/Sha6301.jpg
1493,LIPMAN012/PPW1044.jpg
1494,LIPMAN04/PPW1939.jpg
1495,lipman001/PPW0742.jpg
1496,Passport8/HBH0867B.jpg
1497,PASSPORT7/HBH0805B.jpg
1498,BARMITZVA/Shb0031.jpg
1499,LIPMAN0012/PPW0942.jpg
1500,Passport8/HBH0872B.jpg
1501,LIPMAN15/PPW0124C.jpg
1502,LIPMAN0011/PPW0435.jpg
1503,LIPMAN013/PPW0742B.jpg
1504,LIPMAN0011/PPW0451.jpg
1505,VERTHEIM01111/PVE1191.jpg
1506,LIPMAN04/PPW1963.jpg
1507,lipman10/PPW0253.jpg
1508,LIPMAN07/PPW3222.jpg
1509,PURIM1/PPD7400.jpg
1510,lipman6/PPW2817.jpg
1511,LIBERATION/Sha6301.jpg
1512,givon11/giv0098.jpg
1513,lipman6/PPW2891.jpg
1514,GBBIRTHDAYS/Shh0022.jpg
1515,LIPMAN07/PPW3261.jpg
1517,LIPMAN15/PPW0124C.jpg
1518,LIPMAN004/PPW1761.jpg
1519,lipman3/PPW0248.jpg
1520,LIPMAN010/PPW0190.jpg
1521,LIPMAN004/PPW1775.jpg
1522,LIPMAN09/PPW0157B.jpg
1523,LIPMAN004/PPW1790.jpg
1524,LIPMAN004/PPW1799.jpg
1525,LIPMAN004/PPW1817.jpg
1526,LIPMAN08/PPW3802.jpg
1527,oct07/sir2008.jpg
1528,lipman8/PPW9962.jpg
1529,lipman4/PPW2064.jpg
1530,LIPMAN010/PPW0127.jpg
1531,sep15/ram0405.jpg
1532,lipman8/PPW3898.jpg
1533,LIPMAN004/PPW1875.jpg
1534,lipman2/PPW1513.jpg
1535,LIPMAN05/PPW2559.jpg
1536,LIPMAN04/PPW2000.jpg
1537,april2009/sir0126.jpg
1538,aug07/bar947.jpg
1539,LIPMAN15/PPW0124C.jpg
1540,lipman10/PPW0253.jpg
1541,LIPMAN04/PPW2001.jpg
1542,feb007/bon726.jpg
1543,lipman4/PPW2115.jpg
1544,LIPMAN005/PPW2226.jpg
1545,DORMAN/bra0024.jpg
1546,LIPMAN13/PPW0605B.jpg
1547,LIPMAN011/PPW0606.jpg
1548,lipman36/PPW11873.jpg
1549,HANAN21/PHB0471F.jpg
1550,LIPMAN005/PPW2244.jpg
1551,lipman7/PPW3404.jpg
1552,LIPMAN07/PPW3117.jpg
1553,LIPMAN005/PPW2259.jpg
1554,BARMITZVA/Shh8118.jpg
1555,LIPMAN005/PPW2270.jpg
1556,may2004/Yoram.jpg
1557,sep12/eiz005.jpg
1559,LIPMAN08/PPW3772.jpg
1560,LIPMAN0002/PPW1061.jpg
1561,HANAN021/PHB0376F.jpg
1562,LIPMAN09/PPW0285B.jpg
1563,lipman3/PPW0257.jpg
1564,LIPMAN09/PPW0166B.jpg
1565,nov12/sht0904.jpg
1566,hash101/PUN0065.jpg
1567,LIPMAN09/PPW0111B.jpg
1568,LIPMAN007/PPW2946.jpg
1569,LIPMAN007/PPW2961.jpg
1570,feb07/bra133.jpg
1571,LIPMAN007/PPW2987.jpg
1572,LIPMAN007/PPW2992.jpg
1573,LIPMAN007/PPW2994.jpg
1574,LIPMAN007/PPW2996.jpg
1575,PASSPORT7/HBH0834B.jpg
1576,lipman3/PPW0297.jpg
1577,LIPMAN013/PPW0812B.jpg
1578,lipman42/PPW11629.jpg
1579,lipman7/PPW3269.jpg
1580,LIPMAN008/PPW3606.jpg
1581,HANAN21/PHB0502F.jpg
1582,LIPMAN008/PPW3611.jpg
1583,LIPMAN008/PPW3628.jpg
1584,LIPMAN008/PPW3631.jpg
1585,lipman12/PWL1380.jpg
1586,PASSPORT12/HBH1115.jpg
1587,lipman3/PPW0374.jpg
1588,LIPMAN05/PPW2567.jpg
1589,LIPMAN008/PPW3684.jpg
1590,hash101/PUN0059.jpg
1591,HANAN21/PHB0531F.jpg
1592,GBBIRTHDAYS/Shh6911.jpg
1593,lipman01/PPW0522.jpg
1594,LIPMAN012/PPW1158A.jpg
1595,LIPMAN008/PPW3695.jpg
1596,lipman12/PWL1295.jpg
1597,LIPMAN008/PPW3720.jpg
1598,LIPMAN05/PPW2496.jpg
1599,LIPMAN32/PPW11486.jpg
1600,LIPMAN08/PPW3827.jpg
1601,lipman38/PPW11842.jpg
1602,LIPMAN35/PPW11583.jpg
1603,lipman3/PPW0477.jpg
1604,lipman38/PPW11825.jpg
1605,HASHLAMOT2/HAS0023.jpg
1606,LIPMAN05/PPW2496.jpg
1607,hash13/hash112/yoa003.jpg
1608,lipman01/PPW0557.jpg
1609,PURIM1/SPU6509.jpg
1610,nov2013/yir112.jpg
1611,LIPMAN05/PPW2421.jpg
1612,HANANAD3/HBH0293.jpg
1613,LIPMAN0012/PPW0955.jpg
1614,LIPMAN0012/PPW0955.jpg
1615,LIPMAN03/PPW0131.jpg
1616,LIPMAN012/PPW1131A.jpg
1617,HASH201/hash0212.jpg
1618,PASSPORT6/HBH0631A.jpg
1619,LIPMAN004/PPW1769.jpg
1620,october13/ram206.jpg
1621,sep13/liv128.jpg
1622,GBBIRTHDAYS/Shh6513.jpg
1623,
1624,Passport8/HBH0869.jpg
1625,PASSPORT6/HBH0758.jpg
1626,ZAX/ZAX0020.jpg
1627,HANAN008/Pph9036.jpg
1628,augu12/sah0014.jpg
1629,HANANAD3/HBH0373.jpg
1630,LIPMAN012/PPW1097A.jpg
1631,PASSPORT6/HBH0753.jpg
1632,lipman4/PPW2140.jpg
1633,HANAN021/PHB0433F.jpg
1634,LIPMAN012/PPW1158A.jpg
1635,hash200/SHA7509.jpg
1636,LIBERATION/SHA6723.jpg
1637,lipman2/PPW1598.jpg
1638,LIPMAN012/PPW1190A.jpg
1639,LIPMAN30/PPW11409.jpg
1640,LIPMAN013/PPW0759B.jpg
1641,HANANAD1/HBH0091.jpg
1642,LIPMAN013/PPW0758B.jpg
1643,LIPMAN013/PPW0773B.jpg
1644,LIPMAN13/PPW0510B.jpg
1645,BARMITZVA/Shb0040.jpg
1646,BARMITZVA/Shb0004.jpg
1647,lipman1/PPW0897.jpg
1648,LIPMAN08/PPW3858.jpg
1649,LIPMAN08/PPW3846.jpg
1650,hash13/hash112/yoa003.jpg
1651,LIPMAN04/PPW1947.jpg
1652,PASSPORT13/HBH1196.jpg
1653,HANAN21/PHB0498F.jpg
1654,LIPMAN013/PPW0845B.jpg
1655,lipman12/PWL1259.jpg
1656,HASH201/hash0201.jpg
1657,GBBIRTHDAYS/Shh6911.jpg
1658,PASSPORT5/HBH0492.jpg
1659,
1660,
1661,PURIM2/SPU6702.jpg
1662,PASSPORT6/HBH0662.jpg
1663,nos1/nos002.jpg
1664,PASSPORT5/HBH0479.jpg
1665,PASSPORT9/HBH0902.jpg
1666,HANANAD3/HBH0379.jpg
1667,HANANAD4/HBH0396.jpg
1668,HASH6/SOL0027.jpg
1669,hash9/SEL0002.jpg
1670,HASH5/SOL0025.jpg
1671,PASSPORT7/HBH0823.jpg
1672,HANANAD1/HBH0075.jpg
1673,LIBERATION/Sha6316.jpg
1674,PASSPORT12/HBH0996.jpg
1675,hanan9/PHB0845.jpg
1676,apr13/zax0812.jpg
1677,HANAN021/PHB0430F.jpg
1678,PASSPORT13/HBH1182.jpg
1679,Passport8/HBH0866B.jpg
1680,may16/rg001.jpg
1681,PURIM2/SPU6620.jpg
1682,LIPMAN14/PPW0002C.jpg
1683,ap14/sir3513.jpg
1684,apr06/sir712.jpg
1685,jan15/gen5401.jpg
1686,HASH5/SOL0012.jpg
1687,aug07/bar953.jpg
1688,lipman3/PPW0377.jpg
1689,lipman4/PPW2102.jpg
1690,PASSPORT11/HBH0989.jpg
1691,PASSPORT5/HBH0534A.jpg
1692,PASSPORT9/HBH0904A.jpg
1693,PASSPORT13/HBH1143.jpg
1694,PURIM1/PPH5613.jpg
1695,HANAN0022/PHB0095D.jpg
1696,HANAN0022/PHB0269D.jpg
1697,apr16/gen6325.jpg
1698,HANAN021/PHB0338F.jpg
1699,PURIM2/SPU6616.jpg
1700,PURIM1/PPH5606.jpg
1701,HANAN21/PHB0678F.jpg
1702,nov2013/yir109.jpg
1703,PASSPORT12/HBH1026.jpg
1704,HANANAD2/HBH0225.jpg
1705,HANANAD2/HBH0156.jpg
1706,HANANAD4/HBH0461B.jpg
1707,april2009/sir0123.jpg
1708,PURIM1/SPU6507.jpg
1709,PASSPORT7/HBH0805A.jpg
1710,PASSPORT13/HBH1212.jpg
1711,HANANAD4/HBH0461A.jpg
1712,PASSPORT6/HBH0656.jpg
1713,mar13/gen3005.jpg
1714,mar16/Sha631327.jpg
1715,LIBERATION/Sha6320.jpg
1716,LIBERATION/Sha6321.jpg
1717,MICHA6/Ppm0046B.jpg
1718,LIPMAN05/PPW2496.jpg
1719,lipman8/PPW3922.jpg
1720,LIPMAN013/PPW0844B.jpg
1721,gbwalk2006/sir838.jpg
1722,sept8/mor2001.jpg
1723,hash13/hash112/yoa003.jpg
1724,oct15/gal2049.jpg
1725,lipman4/PPW2093.jpg
1726,apr12/shapira010.jpg
1728,LIPMAN08/PPW3845.jpg
1729,feb07/bra152.jpg
1730,lipman36/PPW11849.jpg
1731,PASSPORT6/HBH0755.jpg
1732,oct03/van322.jpg
1733,lipman7/PPW3443.jpg
1734,LIPMAN07/PPW3133.jpg
1736,DRAMA/Shh0007.jpg
1737,DRAMA/Shh0019B.jpg
1738,HANAN022/PHB0167E.jpg
1739,HANANAD2/HBH0170.jpg
1740,VERTHEIM1/PVE1251A.jpg
1741,
1742,
1743,
1744,sep09/gen623.jpg
1745,HANAN0022/PHB0110D.jpg
1746,PASSPORT12/HBH1073.jpg
1747,PASSPORT6/HBH0651A.jpg
1748,HANAN21/PHB0558F.jpg
1749,nov2013/yir106.jpg
1750,PASSPORT7/HBH0840.jpg
1751,MICHA6/Ppm0065B.jpg
1752,PASSPORT7/HBH0827A.jpg
1753,
1754,lipman4/PPW2033.jpg
1755,lipman2/PPW1585.jpg
1756,PURIM1/PPU6105.jpg
1757,PURIM1/SPU6512.jpg
1758,aug07/bar950.jpg
1759,HANANAD2/HBH0153.jpg
1760,HANAN021/PHB0377F.jpg
1761,lipman38/PPW11836.jpg
1762,HANAN021/PHB0421F.jpg
1763,HANAN021/PHB0424F.jpg
1764,PASSPORT9/HBH0889C.jpg
1765,HANAN21/PHB0477F.jpg
1766,july2008/P6280289.jpg
1767,july2008/P6280289.jpg
1768,PASSPORT5/HBH0592A.jpg
1770,april13/gen002305.jpg
1771,PASSPORT5/HBH0590.jpg
1772,PURIM2/SPU6607.jpg
1773,PURIM2/SPU6616.jpg
1774,LIPMAN05/PPW2496.jpg
1775,
1776,
1777,
1778,HANANAD1/HBH0001.jpg
1779,PASSPORT7/HBH0838A.jpg
1780,PURIM2/PED7807.jpg
1781,
1782,PASSPORT6/HBH0786.jpg
1783,
1784,HANAN021/PHB0440F.jpg
1785,LIPMAN30/PPW11433.jpg
1786,HANAN21/PHB0756F.jpg
1787,HANAN00012/Pph2901.jpg
1788,sep13/liv138.jpg
1789,PASSPORT7/HBH0838C.jpg
1790,HANANAD1/HBH0055.jpg
1791,lipman9/PPW0070.jpg
1792,april2015/gen7603.jpg
1793,apr16/gen6305.jpg
1794,apr16/gen6309.jpg
1795,ZIK/0003.jpg
1796,Passport8/HBH0876.jpg
1797,
1798,PASSPORT12/HBH1000.jpg
1799,PASSPORT11/HBH0952B.jpg
1800,PASSPORT11/HBH0955A.jpg
1801,HANANAD4/HBH0441.jpg
1802,HANANAD2/HBH0215.jpg
1803,PASSPORT10/HBH0912B.jpg
1804,HANANAD4/HBH0421.jpg
1805,HANAN21/PHB0499F.jpg
1806,HANANAD3/HBH0376.jpg
1807,MICHA6/PPM1371F.jpg
1808,hanan6/Pph5511.jpg
1809,hanan4/Pph5851.jpg
1810,HANAN021/PHB0366F.jpg
1811,sep15/ram0421.jpg
1812,LIPMAN03/PPW0108.jpg
1813,LIPMAN15/PPW0124C.jpg
1814,may2004/Smal.jpg
1815,LIPMAN15/PPW0166C.jpg
1816,LIPMAN15/PPW0175C.jpg
1817,lipman11/PPW0776.jpg
1818,feb09/van803.jpg
1819,LIPMAN05/PPW2496.jpg
1820,BARMITZVA/Sha0067.jpg
1821,LIPMAN05/PPW2496.jpg
1822,LIPMAN08/PPW3849.jpg
1823,LIPMAN08/PPW3856.jpg
1824,BARMITZVA/Shb0025.jpg
1825,mar2010/sch371.jpg
1826,BARMITZVA/Shz7317.jpg
1827,Passport8/HBH0861.jpg
1828,
1829,PASSPORT10/HBH0000.jpg
1830,MICHA6/Ppm0046B.jpg
1831,hash13/hash112/yoa003.jpg
1832,hash102/PUN0158.jpg
1833,GBBIRTHDAYS/Shh6608.jpg
1834,hash13/hash112/yoa003.jpg
1835,lipman6/PPW2891.jpg
1836,VERTHEIM333/VER0390.jpg
1837,GBBIRTHDAYS/Shh6911.jpg
1838,GBBIRTHDAYS/Shh6911.jpg
1839,GBBIRTHDAYS/Shh6918.jpg
1840,GBBIRTHDAYS/Shh6911.jpg
1841,GBBIRTHDAYS/Shh6911.jpg
1842,GBBIRTHDAYS/Shh0007.jpg
1843,VERTHEIM333/VER0393.jpg
1844,lipman10/PPW0364.jpg
1845,sep07/sha120.jpg
1846,HASH6/HAN0005.jpg
1847,VERTHEIM00001/PVE0033.jpg
1848,PASSPORT10/HBH0944A.jpg
1849,lipman6/PPW2891.jpg
1850,GBBIRTHDAYS/Shh0016.jpg
1851,lipman6/PPW2899.jpg
1852,GBBIRTHDAYS/Shh0022.jpg
1854,october2003/van516.jpg
1855,GBBIRTHDAYS/Shh0022.jpg
1856,HANANAD1/HBH0072.jpg
1857,PURIM1/PPU6108.jpg
1858,PURIM2/PPV0008.jpg
1860,HANANAD1/HBH0020.jpg
1861,hanan7/Pph9826.jpg
1862,HANANAD1/HBH0054.jpg
1863,HANANAD1/HBH0008.jpg
1864,HANANAD2/HBH0204.jpg
1865,HANANAD3/HBH0286.jpg
1866,HANANAD2/HBH0213.jpg
1867,PASSPORT10/HBH0940B.jpg
1868,HANANAD4/HBH0425.jpg
1869,Passport8/HBH0867.jpg
1870,HANANAD4/HBH0434.jpg
1871,hanan14/Phb1858.jpg
1872,PASSPORT5/HBH0523A.jpg
1873,PASSPORT5/HBH0593.jpg
1874,PASSPORT5/HBH0594A.jpg
1875,Passport8/HBH0874A.jpg
1876,PASSPORT6/HBH0655A.jpg
1877,PASSPORT6/HBH0665.jpg
1878,PASSPORT6/HBH0758.jpg
1879,PASSPORT7/HBH0805.jpg
1880,PASSPORT7/HBH0825C.jpg
1881,PASSPORT7/HBH0837.jpg
1882,PASSPORT5/HBH0490A.jpg
1883,HANANAD1/HBH0089.jpg
1884,HANANAD3/HBH0315.jpg
1885,PASSPORT6/HBH0625.jpg
1886,HANANAD4/HBH0469.jpg
1887,PASSPORT9/HBH0890.jpg
1888,HANANAD2/HBH0198.jpg
1889,hanan12/Phb1729.jpg
1892,HANAN002/Pph0323.jpg
1893,lipman36/PPW11850.jpg
1894,VARDON/VAR0026.jpg
1895,shalhevet2/gen581.jpg
1896,shalhevet2/gen530.jpg
1898,PASSPORT9/HBH0906.jpg
1900,hanan17/Phb0594.jpg
1901,april2009/sir0106.jpg
1902,VERTHEIM22/VER5457.jpg
1903,hanan5/Pph4950.jpg
1904,mar13/gen3018.jpg
1905,yoki1/yok011.jpg
1906,PASSPORT12/HBH1045A.jpg
1907,PASSPORT12/HBH1053A.jpg
1908,abc53/rie2080.jpg
1909,LIPMAN15/PPW0148C.jpg
1910,LIPMAN08/PPW3835.jpg
1911,PASSPORT13/HBH1156.jpg
1912,HASHLAMOT/HAS0001.jpg
1913,HANAN00015/PHB2236.jpg
1914,PASSPORT9/HBH0878C.jpg
1915,LIPMAN15/PPW0156C.jpg
1916,LIPMAN15/PPW0157C.jpg
1917,LIPMAN15/PPW0148C.jpg
1918,april2015/gen7612.jpg
1919,lipman7/PPW3357.jpg
1920,hash13/hash112/yoa003.jpg
1921,givon/giv0028.jpg
1922,PASSPORT13/HBH1127.jpg
1923,PASSPORT13/HBH1131.jpg
1924,may2012/zel101.jpg
1925,PASSPORT13/HBH1185.jpg
1926,PASSPORT13/HBH1186.jpg
1929,HANAN0015/PHB2305.jpg
1930,hanan10/PHB5618.jpg
1931,lipman42/PPW11634.jpg
1932,HANAN08/Pph8427.jpg
1933,lipman3/PPW0342.jpg
1934,LIPMAN010/PPW0105.jpg
1935,HANAN0022/PHB0115D.jpg
1936,HANANAD3/HBH0260.jpg
1937,HANANAD1/HBH0031.jpg
1938,HANAN014/Phb1810.jpg
1939,PASSPORT11/HBH0950B.jpg
1940,HANANAD4/HBH0431A.jpg
1941,feb2004/liv104.jpg
1942,lipman6/PPW2891.jpg
1943,lipman6/PPW2903.jpg
1944,LIPMAN15/PPW0144C.jpg
1945,HASHLAMOT2/SHI0030.jpg
1946,lipman3/PPW0297.jpg
1947,LIPMAN012/PPW1124A.jpg
1948,april2015/gen7613.jpg
1949,sep06/seg539.jpg
1950,lipman11/PPW0841.jpg
1951,october2003/seg042.jpg
1952,ZAX/ZAX0010.jpg
1953,lipman42/PPW11661.jpg
1954,lipman4/PPW2079.jpg
1956,apr13/zax0812.jpg
1957,75birthday/van560.jpg
1958,HANAN01/Pph0480.jpg
1959,LIPMAN08/PPW3740.jpg
1960,LIPMAN08/PPW3759.jpg
1961,hash101/PUN0065.jpg
1962,LIPMAN05/PPW2496.jpg
1963,LIPMAN05/PPW2496.jpg
1965,lipman1/PPW0869.jpg
1966,lipman41/PPW11692.jpg
1967,LIPMAN05/PPW2443.jpg
1968,LIPMAN05/PPW2496.jpg
1969,LIPMAN05/PPW2425.jpg
1970,hash13/hash112/yoa003.jpg
1971,LIPMAN09/PPW0068B.jpg
1972,lipman6/PPW2904.jpg
1973,lipman1/PPW0976.jpg
1974,lipman10/PPW0383.jpg
1975,Passport8/HBH0863C.jpg
1976,lipman10/PPW0348.jpg
1977,BARMITZVA2/Shs0069.jpg
1978,VERTHEIM00001/PVE0266.jpg
1979,LIPMAN007/PPW3021.jpg
1980,LIPMAN15/PPW0158C.jpg
1981,mai04/azr211.jpg
1982,LIPMAN15/PPW0160C.jpg
1983,LIPMAN15/PPW0168C.jpg
1984,LIPMAN15/PPW0168C.jpg
1985,LIPMAN15/PPW0148C.jpg
1986,LIPMAN15/PPW0140C.jpg
1987,LIPMAN15/PPW0144C.jpg
1989,LIPMAN15/PPW0144C.jpg
1990,aug2008/zax521.jpg
1991,LIPMAN0011/PPW0507.jpg
1992,HASHLAMOT3/VIL0019.jpg
1993,october13/ram209.jpg
1994,april2003/sia012.jpg
1995,LIPMAN005/PPW2532.jpg
1996,LIPMAN05/PPW2387.jpg
1997,lipman12/PWL1308.jpg
1998,lipman7/PPW3267.jpg
1999,LIPMAN05/PPW2425.jpg
2000,LIPMAN04/PPW1948.jpg
2001,LIPMAN05/PPW2385.jpg
2002,LIPMAN05/PPW2422.jpg
2003,LIPMAN05/PPW2425.jpg
2004,hanan10/PHB4954.jpg
2005,LIPMAN35/PPW11593.jpg
2006,february07/bon707.jpg
2007,sep07/uri104.jpg
2008,LIPMAN09/PPW0297B.jpg
2009,lipman10/PPW0253.jpg
2010,lipman10/PPW0321.jpg
2011,lipman12/PWL1385.jpg
2012,feb2004/liv104.jpg
2013,lipman12/PWL1387.jpg
2014,LIPMAN13/PPW0479B.jpg
2015,LIPMAN13/PPW0490B.jpg
2016,apr16/PPW118717.jpg
2017,HANAN021/PHB0405F.jpg
2018,HASH5/SOL0012.jpg
2019,april2003/kot008.jpg
2020,PASSPORT12/HBH1107.jpg
2021,HASHLAMOT/HAS0015.jpg
2022,HASHLAMOT/HAS0011.jpg
2023,HASHLAMOT/HAS0014.jpg
2024,HASHLAMOT/HAS0012.jpg
2025,oct03/seg024.jpg
2026,NANAN00013/PHB0007.jpg
2027,oct2014/gen6071.jpg
2028,NANAN00013/Phb0044.jpg
2030,HASH10/HASH0133.jpg
2031,HANAN0013/Phb0107B.jpg
2032,hanan5/Pph5059.jpg
2033,HANAN012/Phb1529.jpg
2034,lipman10/PPW0292.jpg
2035,lipman01/PPW0529.jpg
2036,lipman2/PPW1460.jpg
2037,april2003/sia015.jpg
2038,lipman10/PPW0293.jpg
2039,ZIK/0003.jpg
2040,oct03/seg011.jpg
2041,sep07/uri104.jpg
2042,lipman2/PPW1461.jpg
2043,HANANAD3/HBH0352.jpg
2044,hanan10/PHB4949.jpg
2045,LIPMAN03/PPW0042.jpg
2046,VERTHEIM0001/PVE0347.jpg
2047,hanan18/Pph8374.jpg
2048,VERTHEIM0001/PVE0408.jpg
2049,VERTHEIM0222/VER4805.jpg
2050,VERTHEIM333/VER0362.jpg
2051,VERTHEIM00001/PVE0266.jpg
2052,LIPMAN005/PPW2545.jpg
2053,oct04/nat677.jpg
2054,HANAN0022/PHB0283D.jpg
2055,hash114/natan0002.jpg
2056,HANAN009/PHB0708.jpg
2057,hanan6/Pph5362.jpg
2058,hanan/Pph2481.jpg
2059,VERTHEIM1/PVE1292.jpg
2060,HANAN0022/PHB0040D.jpg
2061,LIPMAN30/PPW11409.jpg
2062,lipman7/PPW3267.jpg
2063,VERTHEIM0222/VER5011.jpg
2064,apr14/aya114.jpg
2065,VERTHEIM0222/VER4729.jpg
2066,october2003/van502.jpg
2067,VERTHEIM002/VER3501.jpg
2068,mar16/kor2008.jpg
2069,hanan14/Phb1937.jpg
2070,LIPMAN15/PPW0148C.jpg
2071,LIPMAN15/PPW0148C.jpg
2072,LIPMAN15/PPW0148C.jpg
2073,LIPMAN15/PPW0139C.jpg
2074,lipman9/PPW0011.jpg
2076,LIPMAN14/PPW0073C.jpg
2077,mar08/sir9004.jpg
2078,LIPMAN14/PPW0073C.jpg
2079,LIPMAN14/PPW0220C.jpg
2080,lipman7/PPW3404.jpg
2081,LIPMAN05/PPW2427.jpg
2082,may2011/gol3462.jpg
2083,hash500/Sax005.jpg
2084,hash500/Sax009.jpg
2085,hash500/Sax006.jpg
2086,BARMITZVA/Shh7828.jpg
2087,LIPMAN005/PPW2545.jpg
2088,lipman4/PPW2145.jpg
2089,lipman8/PPW3913.jpg
2090,avril08/sir9208.jpg
2091,lipman2/PPW1587.jpg
2092,lipman7/PPW3267.jpg
2093,HASHLAMOT3/AVN0012.jpg
2094,lipman7/PPW3383.jpg
2095,BARMITZVA/Shh8115.jpg
2096,ap14/sir3516.jpg
2097,lipman8/PPW3923.jpg
2098,oct07/sir2040.jpg
2099,lipman4/PPW2024.jpg
2100,lipman4/PPW2105.jpg
2101,oct07/sir2031.jpg
2102,HANAN022/PHB0119E.jpg
2103,HANAN21/PHB0495F.jpg
2104,HANAN21/PHB0595F.jpg
2105,ZIK/0006.jpg
2106,
2108,lipman6/PPW2862.jpg
2109,lipman6/PPW2888.jpg
2110,lipman6/PPW2891.jpg
2111,hash13/hash112/yoa003.jpg
2112,lipman7/PPW3277.jpg
2113,may13/avi0101.jpg
2114,feb2004/liv104.jpg
2115,sep2007/vit219.jpg
2117,ap14/sir3539.jpg
2118,lipman36/PPW11849.jpg
2119,hash13/hash112/yoa003.jpg
2120,PASSPORT6/HBH0642.jpg
2121,apr011/gol3515.jpg
2122,PASSPORT5/HBH0566.jpg
2123,PASSPORT5/HBH0528.jpg
2124,hanan6/Pph5362.jpg
2125,PASSPORT9/HBH0884.jpg
2126,hash13/hash112/yoa003.jpg
2127,PASSPORT6/HBH0645A.jpg
2128,PASSPORT12/HBH1033.jpg
2129,PASSPORT9/HBH876A.jpg
2130,feb007/bon732.jpg
2131,75birthday/van563.jpg
2132,HANAN021/PHB0396F.jpg
2133,o08/por0002.jpg
2134,HANAN0022/PHB0035D.jpg
2135,GBBIRTHDAYS/Shh6911.jpg
2136,GBBIRTHDAYS/Shh6911.jpg
2139,hash102/PUN0213.jpg
2140,Passport8/HBH0862A.jpg
2141,HANANAD1/HBH0052.jpg
2142,HANAN06/PPH3409.jpg
2143,VERTHEIM0002/VER2716.jpg
2144,HANAN21/PHB0600F.jpg
2145,oct04/nat677.jpg
2146,HASHLAMOT2/HAS0019.jpg
2147,feb2004/liv104.jpg
2149,HASHLAMOT3/VIL0005.jpg
2150,HASHLAMOT3/VIL0019.jpg
2151,PASSPORT13/HBH1176.jpg
2152,HASHLAMOT3/ZIV0023.jpg
2153,HASHLAMOT3/VIL0005.jpg
2154,HASHLAMOT3/VIL0005.jpg
2155,mar11/rud103.jpg
2156,BARMITZVA/Shh8115.jpg
2157,LIPMAN30/PPW1419.jpg
2158,BARMITZVA2/Shz8314.jpg
2159,ZAX/ZAX0004.jpg
2160,BARMITZVA2/Shz8313.jpg
2161,BARMITZVA2/Shz8320.jpg
2162,BARMITZVA2/Shz8313.jpg
2163,BARMITZVA2/Shz8306.jpg
2164,LIPMAN03/PPW0108.jpg
2165,ap14/sir3536.jpg
2166,hash200/SHA7509.jpg
2168,HANAN012/Phb1512.jpg
2169,HANAN0010/PHB1147.jpg
2170,hanan13/Phb0503B.jpg
2171,HANAN014/Phb1769.jpg
2172,BARMITZVA/Shh7828.jpg
2173,BARMITZVA/Shh7828.jpg
2174,feb2004/liv104.jpg
2175,BARMITZVA/Shh8100.jpg
2176,givon/giv0027.jpg
2177,BARMITZVA/Shh8100.jpg
2178,BARMITZVA2/Shz8317.jpg
2179,BARMITZVA2/Shz8315.jpg
2180,hash12/land008.jpg
2181,BARMITZVA2/Shz8314.jpg
2182,BARMITZVA2/Shz8306.jpg
2183,BARMITZVA2/Shz8314.jpg
2184,oct07/sir2039.jpg
2185,lipman7/PPW3357.jpg
2186,BARMITZVA2/Shz8306.jpg
2187,BARMITZVA2/Shz8306.jpg
2188,BARMITZVA2/ShZ8304.jpg
2189,VERTHEIM01111/PVE1190.jpg
2190,HANAN00012/Pph2513.jpg
2191,HANAN01/Pph0002.jpg
2193,HANAN01/Pph0002.jpg
2194,HANAN01/Pph0002.jpg
2195,HANAN01/Pph0002.jpg
2196,HANAN01/Pph0002.jpg
2197,HANAN01/Pph0002.jpg
2198,HANAN01/Pph0002.jpg
2199,abc70/fis221.jpg
2200,HANAN01/Pph0002.jpg
2201,VERTHEIM2/VER6918.jpg
2202,ZAX/ZAX0014.jpg
2203,ZAX/ZAX0001.jpg
2204,LIPMAN011/PPW0550.jpg
2205,LIPMAN04/PPW1964.jpg
2206,VERTHEIM1/PVE1364.jpg
2207,VERTHEIM1/PVE1364.jpg
2208,avril08/sir9219.jpg
2209,hash13/hash112/yoa003.jpg
2210,february07/bon711.jpg
2211,sep10/IMG_1038.jpg
2213,
2214,
2215,PASSPORT9/HBH0892A.jpg
2216,lipman41/PPW11682.jpg
2217,HANAN04/Pph5719.jpg
2218,VERTHEIM0222/VER4903.jpg
2219,
2220,LIPMAN004/PPW1741.jpg
2221,HANAN006/Pph5467.jpg
2222,july2008/P6280178.jpg
2223,lipman10/PPW0296.jpg
2224,LIPMAN30/PPW11409.jpg
2225,hash13/hash112/yoa003.jpg
2227,abc70/fis2010.jpg
2228,hash9/DORMAN/DOR0005.jpg
2229,
2230,lipman38/PPW11822.jpg
2231,HASH10/alg002.jpg
2232,july2003/gbu006.jpg
2233,oct05/giv701.jpg
2234,GBBIRTHDAYS/Shh7344.jpg
2235,
2236,lipman41/PPW11673.jpg
2237,lipman41/PPW11673.jpg
2238,hash9/PPW1668.jpg
2239,HANAN0013/Phb0117B.jpg
2240,LIPMAN35/PPW1597.jpg
2241,HASH10/HASH0104.jpg
2242,HASH10/HASH0103.jpg
2243,HASH10/HASH0113.jpg
2244,HASH10/HASH0116.jpg
2245,HASH10/HASH0116.jpg
2246,HANAN04/Pph5625.jpg
2249,givon11/giv0163.jpg
2250,sep2007/vit215.jpg
2251,GBBIRTHDAYS/Shh7331.jpg
2253,aug07/bar975.jpg
2255,LIPMAN03/PPW0185.jpg
2257,HASH10/doc006.jpg
2260,april2009/sir0123.jpg
2262,givon/giv0037.jpg
2265,hash12/land015.jpg
2266,hash12/land014.jpg
2267,hash12/vand036.jpg
2268,DRAMA/Shh0019B.jpg
2269,nov15/ber102.jpg
2270,oct2014/gen6070.jpg
2271,hash114/natan0001.jpg
2272,hash20/tal001.jpg
2273,hash20/tal001.jpg
2274,hash20/tal001.jpg
2275,hash20/tal001.jpg
2276,oct07/ir2003.jpg
2277,hash20/tal001.jpg
2278,hash20/tal001.jpg
2279,hash20/tal002.jpg
2280,shalhevet2/gen521.jpg
2281,feb07/bra133.jpg
2282,
2283,hash200/SHA7512.jpg
2284,VERTHEIM00001/PVE0231.jpg
2285,LIPMAN07/PPW3130.jpg
2287,HANAN0012/Phb1450.jpg
2289,HANANAD4/HBH0466.jpg
2290,VERTHEIM333/VER0372.jpg
2291,VERTHEIM333/VER0375.jpg
2293,hash102/PUN0187.jpg
2294,hash102/PUN0213.jpg
2295,new/ash004.jpg
2296,hanan8/Pph8601.jpg
2297,hash200/sali001.jpg
2298,
2299,
2301,may09/gen0910.jpg
2302,VERTHEIM0222/VER4731.jpg
2303,hash200/SHA7506.jpg
2304,feb007/bon725.jpg
2305,new/chi010.jpg
2306,hash200/SHA8107.jpg
2307,hash200/SHA8207.jpg
2308,lipman01/PPW0506.jpg
2309,
2310,ap14/sir3507.jpg
2311,
2312,
2313,
2314,
2315,october2003/fri103.jpg
2316,micha1/Ppm0089.jpg
2317,hash500/Sax003.jpg
2319,april2003/sia011.jpg
2320,hash500/sela08.jpg
2321,sep2007/vit212.jpg
2324,lipman01/PPW0506.jpg
2325,august03/gba010.jpg
2326,august03/gba008.jpg
2327,lipman38/PPW11829.jpg
2328,
2329,aug2003/lea02.jpg
2330,HANAN014/Phb1768.jpg
2331,
2332,june007/yit103.jpg
2333,aug2008/zax541.jpg
2334,micha3/PPM0376.jpg
2335,HANAN022/PHB0211E.jpg
2336,dec13/piz103.jpg
2337,nov2013/gol656.jpg
2338,may2004/Luba.jpg
2339,october2003/seg058.jpg
2340,passover/SPE6516.jpg
2341,ap14/sir3545.jpg
2342,oct2008/sht451.jpg
2343,aug08/zax501.jpg
2344,aug2008/zax521.jpg
2345,75birthday/zax222.jpg
2346,oct12/kam119.jpg
2347,hanan14/Phb1953.jpg
2348,hanan16/Pph5589.jpg
2349,hanan11/Pph5210.jpg
2350,hanan11/Pph5211.jpg
2351,hanan16/Pph5590.jpg
2352,hanan4/Pph5617.jpg
2353,OCT2012/sht9440.jpg
2354,75birthday/van572.jpg
2355,feb2004/liv104.jpg
2356,75birthday/van563.jpg
2357,75birthday/van563.jpg
2358,nov03/fel022.jpg
2359,nov03/gor205.jpg
2360,nov03/gor202.jpg
2361,mar13/gen3005.jpg
2362,nov03/gor209.jpg
2363,april2012/sir907.jpg
2365,
2367,HASHLAMOT/HAS0005.jpg
2368,apr09/pol0302.jpg
2369,lipman01/PPW0604.jpg
2370,feb2004/liv104.jpg
2371,
2372,april2011/gen7005.jpg
2373,jan2006/zax7224.jpg
2375,
2376,PASSPORT10/HBH0931.jpg
2377,april2015/gen7604.jpg
2378,HANANAD3/HBH0270.jpg
2380,may2011/gol3441.jpg
2381,may04/avivX4.jpg
2382,may04/Lolik.jpg
2383,apr06/sir725.jpg
2384,may2004/Nimrod.jpg
2385,jul11/gen7099.jpg
2386,may2004/Bentzi.jpg
2387,mai04/azr201.jpg
2388,july15/bon0201.jpg
2389,apr06/sir705.jpg
2390,apr06/sir705.jpg
2391,may04/hadgadia.jpg
2392,may04/hadgadia.jpg
2393,may04/hadgadia.jpg
2394,may04/hadgadia2.jpg
2395,may2004/SAX.jpg
2396,may2004/rikud.jpg
2397,may2004/rikud.jpg
2398,june12/str7943.jpg
2399,apr06/sir747.jpg
2400,apr06/sir750.jpg
2401,may2004/rikud.jpg
2402,may2004/trumpets.jpg
2403,may2004/trumpets.jpg
2404,may04/cohanot.jpg
2405,may2004/trumpets.jpg
2406,may2004/Nimrod.jpg
2407,oct06/sir574.jpg
2408,may04/cohanot.jpg
2409,may04/cohanot.jpg
2410,may04/cohanot.jpg
2411,apr06/sir734.jpg
2412,may04/Shir.jpg
2413,apr06/sir737.jpg
2414,may04/aviv.jpg
2415,apr06/sir738.jpg
2416,may04/cohanot.jpg
2417,may04/13miodea.jpg
2418,may04/13miodea.jpg
2420,may04/13miodea.jpg
2422,jun08/man085.jpg
2423,may04/13miodea.jpg
2425,apr06/sir750.jpg
2426,HANAN015/PHB2434.jpg
2427,HANAN015/PHB2434.jpg
2428,HANAN015/PHB2434.jpg
2433,LIPMAN04/PPW2019.jpg
2434,HANAN04/Pph5714.jpg
2435,lipman42/PPW11652.jpg
2436,
2443,dec2009/gen3886.jpg
2444,dec04/seg603.jpg
2445,
2447,oct04/gol1010.jpg
2448,feb16/gen6091.jpg
2449,feb05/lit102.jpg
2557,
2558,april05/por2005.jpg
2559,LIPMAN15/PPW0178C.jpg
2560,LIPMAN013/PPW0848B.jpg
2561,lipman12/PWL1307.jpg
2562,october13/gen9804.jpg
2563,HANANAD1/HBH0073.jpg
2564,sept2005/rot303.jpg
2565,april05/bel127.jpg
2566,hanan9/Pph9990.jpg
2567,hanan12/Phb1723.jpg
2568,ap14/sir3503.jpg
2569,VERTHEIM001/PVE0460.jpg
2570,HANANAD3/HBH0283.jpg
2571,VERTHEIM001/PVE0466.jpg
2573,nov07/cas102.jpg
2574,HANAN018/Pph7989.jpg
2575,PASSPORT12/HBH1065.jpg
2576,
2577,dec05/ili999.jpg
2578,dec05/ili999.jpg
2579,mar13/gen3005.jpg
2580,aug09/gen771.jpg
2581,nov15/mic2008.jpg
2582,gbwalk2006/sir822.jpg
2583,may06/sir764.jpg
2584,june12/str7884.jpg
2585,june12/str7917.jpg
2586,apr06/sir750.jpg
2587,june12/str7904.jpg
2589,june12/str501.jpg
2591,apr06/sir734.jpg
2594,apr06/sir702.jpg
2595,apr06/sir702.jpg
2596,apr06/sir702.jpg
2597,apr06/sir702.jpg
2599,apr06/sir732.jpg
2600,apr06/sir732.jpg
2602,apr06/sir732.jpg
2604,apr06/sir747.jpg
2605,ap2006/sir857.jpg
2606,apr06/sir740.jpg
2608,apr06/sir740.jpg
2609,
2610,apr06/sir748.jpg
2612,jun08/man094.jpg
2614,oct07/sir2008.jpg
2617,apr06/sir705.jpg
2618,apr06/sir714.jpg
2619,apr06/sir730.jpg
2620,apr06/sir715.jpg
2621,apr06/sir724.jpg
2622,apr06/sir724.jpg
2623,apr06/sir724.jpg
2624,apr06/sir724.jpg
2625,apr06/sir724.jpg
2626,apr06/sir734.jpg
2627,apr06/sir734.jpg
2628,apr06/sir734.jpg
2629,gbwalk2006/sir849.jpg
2630,ap2006/sir859.jpg
2631,feb14/haz302.jpg
2632,may06/mrs111.jpg
2633,may06/mrs114.jpg
2634,
2635,
2637,VERTHEIM0222/VER5002.jpg
2638,jun06/vol401.jpg
2639,jun06/vol403.jpg
2640,jun06/vol404.jpg
2641,jun06/vol402.jpg
2643,
2644,
2645,oct07/sir2021.jpg
2646,feb007/bon722.jpg
2647,february07/bon711.jpg
2648,
2649,
2650,HANAN022/PHB0174E.jpg
2651,HANAN015/PHB2603.jpg
2652,
2653,jan07/sir754.jpg
2654,hanan10/PHB5626.jpg
2655,feb07/bra143.jpg
2656,feb07/bra149.jpg
2657,nov009/avi10.jpg
2658,july08/eli105.jpg
2659,february07/bon705.jpg
2660,february07/bon705.jpg
2661,oct07/sir2028.jpg
2662,feb007/bon727.jpg
2663,feb007/bon723.jpg
2664,february07/bon705.jpg
2665,february07/bon705.jpg
2666,april2008/sir8002.jpg
2667,ap14/sir3510.jpg
2668,feb007/bon724.jpg
2669,feb007/bon730.jpg
2670,feb007/bon729.jpg
2671,feb007/bon728.jpg
2672,feb007/bon740.jpg
2674,hash13/hash112/yoa003.jpg
2675,nov12/zax7091.jpg
2676,nov12/zax7091.jpg
2677,july08/eli105.jpg
2678,feb007/bar111.jpg
2679,oct09/con3220.jpg
2680,dec12/gen0586.jpg
2681,juni2013/rim00212.jpg
2682,aug07/bar951.jpg
2683,aug07/bar973.jpg
2684,aug07/bar974.jpg
2685,aug07/bar977.jpg
2686,
2687,jan16/gen5406.jpg
2688,
2689,aug07/bar955.jpg
2690,aug07/bar996.jpg
2691,july14/gen7007.jpg
2692,lipman4/PPW2031.jpg
2693,sep2007/vit215.jpg
2694,sep2007/vit215.jpg
2695,oct07/sir2017.jpg
2696,oct07/sir2024.jpg
2697,oct07/sir2027.jpg
2698,oct07/sir2029.jpg
2699,oct07/sir2041.jpg
2700,ap14/sir3510.jpg
2701,oct07/sir2047.jpg
2702,sep15/ram0421.jpg
2703,LIPMAN03/PPW0093.jpg
2704,mar08/sir9006.jpg
2705,hanan13/Phb0440.jpg
2706,april2008/shw307.jpg
2707,nov009/avi606.jpg
2708,
2709,nov009/avi10.jpg
2710,hanan13/Phb0431.jpg
2711,hanan13/Phb0512.jpg
2712,walk08/sir7006.jpg
2713,walk08/sir7006.jpg
2714,
2715,
2716,may08/sch902.jpg
2717,july08/yan103.jpg
2718,sept8/sir8028.jpg
2719,sept8/sir8028.jpg
2720,jun08/man075.jpg
2721,jun08/man086.jpg
2722,jun08/man097.jpg
2723,jun08/man093.jpg
2724,jun08/man102.jpg
2725,jun08/man002.jpg
2726,jun08/man101.jpg
2727,dec15/gen5055.jpg
2728,PASSPORT5/HBH0606.jpg
2729,
2730,
2731,dec2014/gen3513.jpg
2732,aug2008/zax512.jpg
2733,aug2008/zax528.jpg
2734,aug2008/zax515.jpg
2735,may2013/zax01563.jpg
2736,
2737,
2738,
2739,
2740,may15/jac107.jpg
2741,oct2015/gen8899.jpg
2742,udi/gen7880.jpg
2743,sept8/sir8009.jpg
2744,sept8/sir8017.jpg
2745,sept8/sir8018.jpg
2746,sept8/sir8023.jpg
2747,sept8/sir8026.jpg
2748,sept8/sir8028.jpg
2749,
2751,april2015/gen7606.jpg
2752,oc008/pol004.jpg
2753,
2754,jun2007/bar502.jpg
2755,
2756,oc008/pol009.jpg
2757,oc008/pol021.jpg
2758,
2759,
2760,
2761,
2762,
2763,
2764,
2765,
2768,
2769,
2770,
2771,
2772,
2773,
2777,
2778,
2779,
2780,
2783,
2784,
2785,
2786,
2787,
2788,
2789,
2790,
2791,mar13/gen3005.jpg
2792,feb09/zel203.jpg
2793,feb09/ked201.jpg
2794,feb09/ked202.jpg
2795,apr09/pol0303.jpg
2796,april2009/sir0101.jpg
2798,april2009/sir0119.jpg
2799,nov15/mic2008.jpg
2800,
2801,HANAN003/Pph3169.jpg
2804,may09/sar13.jpg
2805,may09/sar14.jpg
2806,
2807,
2808,
2809,
2810,
2811,dec15/gen5056.jpg
2812,
2813,shalhevet2/gen513.jpg
2815,shalhevet2/gen530.jpg
2816,shalhevet2/gen521.jpg
2817,
2819,shalhevet2/gen541.jpg
2820,june09/gen2004.jpg
2821,aug09/gen771.jpg
2822,april14/sht0104.jpg
2823,HANAN00012/Pph2512.jpg
2824,HANAN003/Pph3138.jpg
2825,
2826,
2827,
2828,
2829,
2830,
2831,
2832,
2833,
2834,jun11/con4441.jpg
2835,oct09/con3224.jpg
2836,oct09/con3231.jpg
2838,jun11/con4441.jpg
2839,udi/gen7883.jpg
2840,may16/zv001.jpg
2841,nov009/avi10.jpg
2842,udi2/IMG_2772.jpg
2843,dec2009/gen3886.jpg
2844,dec2009/gen3886.jpg
2845,dec2009/gen3886.jpg
2846,
2847,dec2009/gen3886.jpg
2848,dec2009/gen3886.jpg
2849,
2850,VERTHEIM0111/PVE1016.jpg
2852,HANANAD2/HBH0211.jpg
2853,
2854,udi2/IMG_2698.jpg
2856,de10/PB143385.jpg
2857,feb2011/gen5485.jpg
2858,mar11/rud105.jpg
2859,
2860,VERTHEIM0222/VER4714.jpg
2861,VERTHEIM333/VER0356.jpg
2862,HANAN022/PHB0241E.jpg
2863,
2864,
2866,
2867,
2868,
2869,may2012/zel104.jpg
2870,april2012/hez018.jpg
2872,jan16/gen5486.jpg
2873,june12/str501.jpg
2874,june12/str501.jpg
2875,june12/str7884.jpg
2876,june12/str501.jpg
2877,june12/str501.jpg
2879,june12/str502.jpg
2880,OCT2012/sht99500.jpg
2881,
2882,
2883,
2884,
2885,apr13/zax0816.jpg
2886,july13/gen0861.jpg
2887,april13/gen002305.jpg
2888,april2015/gen7611.jpg
2891,
2893,october13/bor223.jpg
2894,october13/ram212.jpg
2895,october13/ram210.jpg
2896,october13/ram230.jpg
2897,october13/ram231.jpg
2898,nov2013/yir103.jpg
2899,nov2013/yir105.jpg
2900,jan14/kal103.jpg
2902,april14/sht106.jpg
2903,
2904,
2905,
2906,
2907,
2908,
2909,
2910,
2911,
2912,
2913,
2916,
2917,
2918,
2919,VERTHEIM0111/PVE1006.jpg
2920,HANAN21/PHB0524F.jpg
2923,
2924,
2925,july15/bon0201.jpg
2926,july15/bon0201.jpg
2927,july15/bon0201.jpg
2928,july15/bon0201.jpg
2929,july15/bon0201.jpg
2930,july15/bon0201.jpg
2931,july15/bon0201.jpg
2932,july15/bon0201.jpg
2933,july15/bon0201.jpg
2934,july15/bon0201.jpg
2935,july15/bon0201.jpg
2936,july15/bon0201.jpg
2937,july15/bon0201.jpg
2939,july15/bon0201.jpg
2940,july15/bon0201.jpg
2941,july15/gen443444.jpg
2942,july15/zax3016.jpg
2943,july15/zax3016.jpg
2944,july15/zax3018.jpg
2945,
2946,HANAN21/PHB0630F.jpg
2947,sep15/ram0423.jpg
2948,sep2015/yar2001.jpg
2949,sep2015/yar2002.jpg
2951,dec2009/gen3886.jpg
2952,
2953,
2954,
2955,
2956,
2957,oct15/gal2045.jpg
2958,
2959,VERTHEIM222/VER6510.jpg
2960,dec15/gen5056.jpg
2961,nov15/ris103.jpg
2962,jan16/gen5584.jpg
2963,jan16/gen5486.jpg
2964,feb16/gen6090.jpg
2965,
2967,apr16/gen6307.jpg
2968,apr16/gen6306.jpg
2969,
2970,apr16/gen201612.jpg
2971,may16/sg001.jpg
2972,may16/ng001.jpg
2973,apr16/gen201602.jpg
2975,apr16/sht5454.jpg
2976,may16/mk004.jpg
2977,PASSPORT9/HBH0891.jpg
2978,may16/bg001.jpg
2979,
2980,
2981,
2983,
90,HANAN004/Pph5768.jpg
91,HANAN006/Pph5467.jpg
92,oct2003/van312.jpg
93,ZAX/ZAX0020.jpg
94,BARMITZVA/Sha0042.jpg
95,LIBERATION/Sha6508.jpg
96,HANANAD4/HBH0472A.jpg
98,HANAN00011/Pph2095.jpg
99,HANAN00015/PHB2232.jpg
100,HANAN015/PHB2605.jpg
101,HANAN001/PPH0544.jpg
102,HANAN001/PPH0547.jpg
104,HANAN009/PHB0729.jpg
106,HANAN00012/Pph2514.jpg
107,HANAN00012/Pph2514.jpg
108,PASSPORT7/HBH0825A.jpg
109,nov07/spector100.jpg
110,HASH201/hash0214.jpg
111,PASSPORT11/HBH0961D.jpg
112,apr07/ste1234.jpg
113,HANAN0013/Phb0130B.jpg
114,PASSPORT10/HBH0943B.jpg
115,HANANAD2/HBH0174.jpg
116,HANAN012/Phb1530.jpg
